Application Date,Contact Email,Contact Phone Number,Company Name,Job Title,Job Url,Resume Name,Question And Answers
"6/15/24, 8:16 AM",jay@cuthrell.com, +14157638343,Upwork,"Senior Director, Internal Communications",http://www.linkedin.com/jobs/view/3925151902,Profile-11.pdf,"Race and ethnicity:White | What is your current state of residence?:Other state | Do you have a disability or chronic condition (physical, visual, auditory, cognitive, mental, emotional, or other) that substantially limits one or more of your major life activities, including mobility, communication (seeing, hearing, speaking), and learning?:No | How would you describe your gender identity? (mark all that apply):Man | First name:Jay | Gender:Male | Are you legally authorized to work in the United States?:Yes | Cover letter:130338663.pdf | Are you a veteran or active member of the United States Armed Forces?:No, I am not a veteran or active member | How would you describe your sexual orientation? (mark all that apply):Heterosexual | Disability Status:No, I do not have a disability and have not had one in the past | Have you been employed full time at Upwork before?:No | Email address:jay@cuthrell.com | Will you now or in the future require sponsorship for an employment visa status? :No Visa Need | Do you identify as transgender?:No | How would you describe your racial/ethnic background? (mark all that apply):White or European | Upwork is committed to providing a safe and inclusive environment for our candidates and team members. As part of this commitment, we want to ensure we address you with the appropriate pronoun.:He/Him/His | Veteran Status:I am not a protected veteran | Mobile phone number:+1 4157638343 | Please submit a resume or LinkedIn profile:-685247401.pdf | LinkedIn Profile, Portfolio, Website, Other:https://jaycuthrell.com | Have you been employed full time at Upwork before?:No | Last name:Cuthrell | From what state do you plan to work?:Other State"
"7/4/24, 3:45 PM",jay@cuthrell.com, +14157638343,NextLink Labs,Chief of Staff,http://www.linkedin.com/jobs/view/3965329946,William J Cuthrell 2024 Right Hand.pdf,Are you legally authorized to work in the United States?:Yes | Mobile phone number:+1 4157638343 | Email address:jay@cuthrell.com | Have you completed the following level of education: Bachelor's Degree?:Yes | Please submit a resume or LinkedIn profile:1194997093.pdf
"7/4/24, 7:53 PM",jay@cuthrell.com, +14157638343,TELUS Digital,"Vice President, Client Success",http://www.linkedin.com/jobs/view/3964149247,William J Cuthrell 2024 Right Hand.pdf,
"5/18/24, 1:53 PM",jay@cuthrell.com, +14157638343,RiteSys,AI Client Partner,http://www.linkedin.com/jobs/view/3928283779,Profile-10.pdf,"Email address:jay@cuthrell.com | Are you fine with first 6 months of commission role in an AI startup and potential of full time employment with competitive salary, bonus & equity award through stock options in future?:Yes | Please submit a resume or LinkedIn profile:-2078990813.pdf | Mobile phone number:+1 4157638343 | Are you legally authorized to work in the United States?:Yes | How many years of work experience do you have with SaaS Sales?:15 | How many years of work experience do you have with Agency Relationship Management?:20 | Will you now, or in the future, require sponsorship for employment visa status (e.g. H-1B visa status)?:No"
"6/25/24, 4:31 PM",jay@cuthrell.com, +14157638343,Luminary Group,Chief Technology Officer - Real-World Evidence / Real-World Data,http://www.linkedin.com/jobs/view/3914622724,Profile-12.pdf,"Description:Turned vision into growth engines within an accretive M&A environment from 2010 to 2020  2018-2020: Servant leadership for global remote software and systems development using platform engineering teams supporting product introduction based upon cloud-native technologies  2016-2018: Transformed Office of the CTO to support a new product introduction organization following successful exit via acquisition of VCE and EMC to Dell in 2016  2011-2015: Grew a business from 0 to multi $B run rate by turning vision into growth engines leading to successful exit via acquisition of VCE to EMC in 2015  2010-2011: Successful exit via acquisition of Acadia to VCE in 2011 | School:Reforge | Dates of employment:2010-10-01 - 2020-09-01 | Company:Amazon Web Services (AWS) | Major / Field of study:Materials Science and Engineering | Degree:Bachelor of Science - BS | Description:We help clients navigate, reach, and exceed their goals.  - Fractional leadership services - Pragmatic Generative AI (GenAI) infused advisory services | Your title:Founder and CEO | Company:Taos | Mobile phone number:+1 4157638343 | School:NC State College of Engineering | Email address:jay@cuthrell.com | Your title:Senior Vice President of Product Development | Description:Provided servant leadership to grow a global solutions team at Faction, a Dell Technologies Capital portfolio multicloud data services company | Company:Faction | Description:Representing the GTM interests of IBM Consulting | Degree:Data For Product Managers, Finding Product/Market Fit, Growth Leadership | Company:IBM | Description:Managing executive role providing servant leadership to teams that combine, align, and unify a portfolio of hybrid cloud services offerings that delight Enterprise clientele. Customer facing executive consultant working with clientele across all sectors to solve industry challenges by embracing Generative A.I. (GenAI) and what's next. GTM advocacy role as Executive Member of the AWS Partner Advisory Board.  As part of IBM's M&A strategy, I provided executive level support to achieve Final Transfer of Business for Taos, an IBM Company and form Platform Engineering Services in the Americas within Platform Services within Hybrid Cloud Services within IBM Consulting in 2023. | Your title:Partner | Dates attended:2022-01-01 - 2023-12-01 | Dates of employment:2023-07-01 - 2024-04-01 | Your title:AWS Partner Advisory Board Executive Member | Dates of employment:2024-05-01 -  | Company:Dell Technologies | Please submit a resume or LinkedIn profile:-1275482618.pdf | Dates of employment:2022-08-01 - 2023-07-01 | Description:Provided servant leadership during the Taos transition into IBM Consulting Hybrid Cloud Services.  Provided executive level support to achieve Final Transfer of Business for Taos and form Platform Engineering Services in the Americas within Hybrid Cloud Services for IBM Consulting in 2023. | Company:Cuthrell Consulting | Dates of employment:2020-12-01 - 2022-07-01 | Major / Field of study:Industrial and Product Design | Your title:Global Vice President of Solutions | First name:Jay | Dates of employment:2022-08-01 - 2024-04-01 | Your title:Managing Director | Last name:Cuthrell"
"3/21/24, 8:58 AM",jay@cuthrell.com, +14157638343,Incedo Inc.,Product Owner- Telecom,http://www.linkedin.com/jobs/view/3849713341,Jay_Cuthrell_CV_01_Mar_2024.pdf,Do you have prior Telecom experience?:Yes | Mobile phone number:+1 4157638343 | Email address:jay@cuthrell.com | Please submit a resume or LinkedIn profile:-495280932.pdf
"3/22/24, 2:21 PM",jay@cuthrell.com, +14157638343,Glocomms,Senior/Director Account Executive Roles,http://www.linkedin.com/jobs/view/3866103768,Jay_Cuthrell_CV_01_Mar_2024.pdf,Mobile phone number:+1 4157638343 | Please submit a resume or LinkedIn profile:-495280932.pdf | How many years of experience do you have working with cloud contact solutions?:14 | Email address:jay@cuthrell.com | Have you completed the following level of education: Bachelor's Degree?:Yes
"5/18/24, 5:10 PM",jay@cuthrell.com, +14157638343,groCTO by typo,Engineering Leadership Mentor,http://www.linkedin.com/jobs/view/3927284577,Profile-10.pdf,Please submit a resume or LinkedIn profile:-2078990813.pdf | How many years of work experience do you have with Technical Leadership?:26 | Email address:jay@cuthrell.com | How many years of work experience do you have with Content Curation?:28 | How many years of work experience do you have with Mentoring?:20 | Mobile phone number:+1 4157638343
"10/11/24, 3:49 PM",jay@cuthrell.com, +14157638343,Freshworks,"Vice President, Product Management (Freshservice)",http://www.linkedin.com/jobs/view/4024944445,Cuthrell_Jay_Resume_Aug_06_2024.pdf,"Company:Faction | Email address:jay@cuthrell.com | School:Reforge | Description:Led growth of global solutions team at Faction, a Dell Technologies Capital portfolio company | Company:Cuthrell Consulting | Dates of employment:1999-08-01 - 2002-07-01 | Description:Representing the GTM interests of IBM Consulting | Degree:Bachelor of Science - BS | Major / Field of study:Materials Science and Engineering | Company:Digitel Corporation | Last name:Cuthrell | Description:PMI Executive role to combine, align, and unify concurrent nested M&A company offerings | Dates attended:2022-01-01 - 2023-12-01 | Your title:Partner | Your title:Senior Vice President of Product Development | Dates of employment:2020-12-01 - 2022-07-01 | Dates of employment:2024-05-01 -  | Do you now, or will you in the future require Visa Sponsorship?:No | LinkedIn Profile:https://www.linkedin.com/in/jaycuthrell | Company:Cuthrell Consulting | Dates of employment:2010-10-01 - 2020-09-01 | Company:IBM | Company:Dell Technologies | Your title:Software Developer | Additional attachments:296084065.pdf | Your title:Infrastructure Architect | Your title:AWS Partner Advisory Board Executive Member | Your title:Global Vice President of Solutions | Company:Amazon Web Services (AWS) | BY CHECKING THIS BOX, YOU WILL DECLARE THAT YOU READ AND UNDERSTAND THE FRESHWORKS <a href='https://www.freshworks.com/privacy/' target='_blank'>PRIVACY POLICY</a>, AND THE SMARTRECRUITERS <a href='https://www.smartrecruiters.com/privacy-policy/?' target='_blank'>PRIVACY POLICY</a> AND SMARTRECRUITERS <a href='https://www.smartrecruiters.com/legal/terms-of-use/' target='_blank'> TERMS OF USE</a>.:I Agree Terms & Conditions | Do you hold a valid work permit for the country where the job is located?:Yes | Degree:Data For Product Managers, Finding Product/Market Fit, Growth Leadership | Dates of employment:2022-08-01 - 2024-04-01 | School:NC State College of Engineering | Major / Field of study:Industrial and Product Design | Description:Fractional leadership and advisory services | Please submit a resume or LinkedIn profile:592420557.pdf | Description:PMI Executive specialist during Taos integration for final transfer of business into IBM | Company:Nortel Networks | Your title:Principal Consultant | First name:Jay | Your title:Managing Director | Your title:Chief Technology Officer | Dates of employment:2023-07-01 - 2024-04-01 | Mobile phone number:+1 4157638343 | Description:Turned vision into multi $B growth engines during accretive concurrent nested M&A | Company:SapientRazorfish | Your title:Principal Consultant | Dates of employment:2002-08-01 - 2009-12-01 | Dates of employment:2009-01-01 - 2010-10-01 | Dates of employment:1996-01-01 - 1999-12-01 | Company:Taos | Dates of employment:2022-08-01 - 2023-07-01 | Job Listing Type:PREMIUM"
"4/10/24, 6:08 AM",jay@cuthrell.com, +14157638343,StevenDouglas,"Vice President, Merger Integration",http://www.linkedin.com/jobs/view/3892476362,Jay_Cuthrell_CV_08_Apr_2024.pdf,"Please submit a resume or LinkedIn profile:764854709.pdf | How many years of Accounting/Auditing experience do you currently have?:23 | Are you willing to take a drug test, in accordance with local law/regulations?:Yes | How many years of Finance experience do you currently have?:23 | Will you now, or in the future, require sponsorship for employment visa status (e.g. H-1B visa status)?:No | Are you legally authorized to work in the United States?:Yes | Are you willing to undergo a background check, in accordance with local law/regulations?:Yes | Mobile phone number:+1 4157638343 | Have you completed the following level of education: Bachelor's Degree?:Yes | Are you comfortable working in an onsite setting?:Yes | Email address:jay@cuthrell.com"
"7/19/24, 9:31 AM",jay@cuthrell.com, +14157638343,Blue Signal Search,Fractional (Artificial Intelligence (AI) Lead & Business Strategist) ,http://www.linkedin.com/jobs/view/3942699455,William J Cuthrell 2024 Right Hand.pdf,Mobile phone number:+1 4157638343 | Email address:jay@cuthrell.com | Please submit a resume or LinkedIn profile:-1880075049.pdf
"3/27/24, 6:30 PM",jay@cuthrell.com, +14157638343,Hevo Data,Vice President Sales Engineering,http://www.linkedin.com/jobs/view/3869789267,Jay_Cuthrell_CV_GTM_26_Mar_2024.pdf,
"3/27/24, 7:07 PM",jay@cuthrell.com, +14157638343,VITALITY,Chief Executive Officer,http://www.linkedin.com/jobs/view/3869420104,Jay_Cuthrell_CV_01_Mar_2024.pdf,
"9/21/24, 10:21 AM",jay@cuthrell.com, +14157638343,Saragossa,Portfolio CIO- Private Equity- $300-350k base + bonus!,http://www.linkedin.com/jobs/view/4029800285,,
"7/1/24, 2:32 PM",jay@cuthrell.com, +14157638343,DataGroomr,Fractional Demand Generation Specialist,http://www.linkedin.com/jobs/view/3962239108,Profile-14.pdf,Email address:jay@cuthrell.com | Please submit a resume or LinkedIn profile:-1718212476.pdf | Mobile phone number:+1 4157638343
"7/4/24, 3:37 PM",jay@cuthrell.com, +14157638343,Oakleaf Partnership,Chief Of Staff (Blockchain),http://www.linkedin.com/jobs/view/3964649004,William J Cuthrell 2024 Right Hand.pdf,"Are you comfortable travelling globally at short notice?:Yes | Do you have 5+ years of experience in a senior management or executive support role such as Chief of Staff, COO or Director of Operations.:Yes | Email address:jay@cuthrell.com | Do you have experience in the blockchain, highly technical or broader Web3 spaces?:Yes | Please submit a resume or LinkedIn profile:1194997093.pdf | Mobile phone number:+1 4157638343 | Have you worked with emerging CEOs?:Yes"
"3/20/24, 4:05 PM",jay@cuthrell.com, +14157638343,Slalom,Client Partner - Retail or Public Sector,http://www.linkedin.com/jobs/view/3805606108,Jay_Cuthrell_CV_01_Mar_2024.pdf,"Email address:jay@cuthrell.com | Do you have experience being responsible for revenue growth of an account or portfolio?:Yes | Have you been employed with a consulting company before? This candidate must come from a consulting background.:Yes | Mobile phone number:+1 4157638343 | Please submit a resume or LinkedIn profile:-495280932.pdf | Do you live in or near Nashville, TN? Or are you willing to relocate to the area?:Yes"
"6/25/24, 5:04 PM",jay@cuthrell.com, +14157638343,Nexus Labs,Content Marketing Manager,http://www.linkedin.com/jobs/view/3932212122,Profile-12.pdf,Mobile phone number:+1 4157638343 | Are you legally authorized to work in the United States?:Yes | How many years of work experience do you have with Content Marketing?:14 | Please submit a resume or LinkedIn profile:1383701992.pdf | Email address:jay@cuthrell.com
"5/22/24, 3:03 AM",jay@cuthrell.com, +14157638343,Stealth Startup,Chief Operating Officer,http://www.linkedin.com/jobs/view/3931778968,Profile-10.pdf,Please submit a resume or LinkedIn profile:-2078990813.pdf | How many years of Business Development experience do you currently have?:25 | Email address:jay@cuthrell.com | Mobile phone number:+1 4157638343
"7/3/24, 2:48 AM",jay@cuthrell.com, +14157638343,Iron Mountain,Sr. Director of Solutions Product Management - BFSI,http://www.linkedin.com/jobs/view/3964645839,William-J-Cuthrell-Profile.pdf,Have you completed the following level of education: Bachelor's Degree?:Yes | Have you completed the following level of education: Master's Degree?:No | Please submit a resume or LinkedIn profile:78933238.pdf | Mobile phone number:+1 4157638343 | Email address:jay@cuthrell.com
"5/22/24, 10:24 PM",jay@cuthrell.com, +14157638343,EdSights,Product Lead,http://www.linkedin.com/jobs/view/3932711935,Profile-10.pdf,"Will you now, or in the future, require sponsorship for employment visa status (e.g. H-1B visa status)?:No | Are you legally authorized to work in the United States?:Yes | How many years of Product Management experience do you currently have?:28 | Please submit a resume or LinkedIn profile:-2078990813.pdf | Have you completed the following level of education: Bachelor's Degree?:Yes | Mobile phone number:+1 4157638343 | Email address:jay@cuthrell.com | Are you comfortable working in a remote setting?:Yes | How many years of experience do you have working at a B2B SaaS Company?:15"
"5/27/24, 7:26 PM",jay@cuthrell.com, +14157638343,Brightspeed,"Senior Director, Corporate Transformation",http://www.linkedin.com/jobs/view/3916747731,Profile-10.pdf,"Dates attended:1987-01-01 - 1990-12-01 | Your title:Managing Director | Company:Cuthrell Consulting | Major / Field of study:Industrial and Product Design | By checking this box, you will declare that you read and understand the privacy policy of Brightspeed.:I consent | Description:Grew a managed services provider business to achieve exit strategy and liquidity event | Your title:Chief Technology Officer | Dates attended:2022-01-01 - 2023-12-01 | Dates of employment:2007-01-01 - 2008-12-01 | Dates of employment:2024-04-01 -  | Description:We help clients navigate, reach, and exceed their goals. | Description:Provided servant leadership during the Taos transition into IBM Consulting Hybrid Cloud Services.  Provided executive level support to achieve Final Transfer of Business for Taos and form Platform Engineering Services in the Americas within Hybrid Cloud Services for IBM Consulting in 2023. | Are you a veteran?:No | Do you claim disability status?:No | School:NC State College of Engineering | Company:Digitel | Dates of employment:1999-08-01 - 2002-07-01 | What is your country of citizenship?:US citizen | Mobile phone number:+1 4157638343 | Description:Consulted at Fortune 500 companies internationally with iXL and Scient | Dates of employment:2022-08-01 - 2024-04-01 | Degree:Bachelor of Science - BS | Company:Dell Technologies | Description:Bankable strategic technology advisor to ICT service providers, investment groups, and startups | Major / Field of study:Materials Science and Engineering | Your title:Senior Infrastructure Architect | Dates of employment:2010-10-01 - 2020-09-01 | Dates of employment:2023-07-01 - 2024-04-01 | Email address:jay@cuthrell.com | Description:Representing the interests of IBM Consulting | Company:NeoNova Network Services | Dates attended:1990-01-01 - 1995-12-01 | Will you now or in the future require sponsorship for employment visa status?:No | Description:Provided servant leadership to grow a global solutions team at Faction, a Dell Technologies Capital portfolio multicloud data services company | Company:Taos | Your title:Partner | Gender:Male | Your title:Chief Technology Officer | Veteran status:I am not a protected veteran | School:East Carteret High School | First name:Jay | <strong>Disability</strong>:No, I do not have a disability and have not had one in the past | Dates of employment:2022-08-01 - 2023-07-01 | Dates of employment:2020-12-01 - 2022-07-01 | What are your salary expectations for this role?:100000 | Your title:AWS Partner Advisory Board Executive Member | Dates of employment:2008-12-01 - 2010-10-01 | Description:Launched consulting and managed services growth engines | Company:cuthrell.com | Your title:Founder | Race/Ethnicity:White (Not Hispanic or Latino) | Description:Managing executive role providing servant leadership to teams that combine, align, and unify a portfolio of hybrid cloud services offerings that delight Enterprise clientele. Customer facing executive consultant working with clientele across all sectors to solve industry challenges by embracing Generative A.I. (GenAI) and what's next. GTM advocacy role as Executive Member of the AWS Partner Advisory Board.  As part of IBM's M&A strategy, I provided executive level support to achieve Final Transfer of Business for Taos, an IBM Company and form Platform Engineering Services in the Americas within Platform Services within Hybrid Cloud Services within IBM Consulting in 2023. | Please submit a resume or LinkedIn profile:-594118162.pdf | Do you currently reside in the United States?:Yes | Dates of employment:2002-08-01 - 2006-12-01 | Last name:Cuthrell | Company:SapientRazorfish | Your title:Founder and CEO | Company:Faction | Company:Amazon Web Services (AWS) | Are you legally authorized to work in the United States on a full-time basis?:Yes | Company:IBM | Your title:Senior Vice President of Product Development | Your title:Global Vice President of Solutions | School:Reforge | Description:Turned vision into growth engines within an accretive M&A environment from 2010 to 2020  2018-2020: Servant leadership for global remote software and systems development using platform engineering teams supporting product introduction based upon cloud-native technologies  2016-2018: Transformed Office of the CTO to support a new product introduction organization following successful exit via acquisition of VCE and EMC to Dell in 2016  2011-2015: Grew a business from 0 to multi $B run rate by turning vision into growth engines leading to successful exit via acquisition of VCE to EMC in 2015  2010-2011: Successful exit via acquisition of Acadia to VCE in 2011 | Degree:Data For Product Managers, Finding Product/Market Fit, Growth Leadership"
"7/6/24, 6:45 PM",jay@cuthrell.com, +14157638343,AMD,"Sr. Director, Server AI Products",http://www.linkedin.com/jobs/view/3905508586,William J Cuthrell 2024 Right Hand.pdf,
"7/19/24, 10:12 AM",jay@cuthrell.com, +14157638343,FRACTION,Fractional Product Manager,http://www.linkedin.com/jobs/view/3973322383,William J Cuthrell 2024 Right Hand.pdf,Have you completed the following level of education: Bachelor's Degree?:Yes | Email address:jay@cuthrell.com | Mobile phone number:+1 4157638343 | Please submit a resume or LinkedIn profile:-1880075049.pdf | Have you completed the following level of education: Master of Business Administration?:No
"6/27/24, 4:48 AM",jay@cuthrell.com, +14157638343,Hypotenuse AI,Founding Account Executive (Full Cycle Sales),http://www.linkedin.com/jobs/view/3952663983,Profile-12.pdf,What is your average deal size in US Dollar (in thousands)?:25000 | How many years of SaaS sales experience do you have?:4 | Please submit a resume or LinkedIn profile:-1442054702.pdf | Email address:jay@cuthrell.com | Mobile phone number:+1 4157638343 | How many years of SaaS sales experience do you have?:4
"3/28/24, 6:58 AM",jay@cuthrell.com, +14157638343,Confidential,Senior Vice President of Corporate Development,http://www.linkedin.com/jobs/view/3875016429,Jay_Cuthrell_CV_01_Mar_2024.pdf,Email address:jay@cuthrell.com | Have you completed the following level of education: Bachelor's Degree?:Yes | How many years of work experience do you have with Skill Development?:28 | How many years of work experience do you have with M&A Execution?:28 | Mobile phone number:+1 4157638343 | Please submit a resume or LinkedIn profile:-495280932.pdf
"5/15/24, 7:20 AM",jay@cuthrell.com, +14157638343,Weber Associates,Freelance Sr Consultant,http://www.linkedin.com/jobs/view/3925228701,Profile-8.pdf,What was your GPA (on a 4.0 scale) in college?:0 | Please submit a resume or LinkedIn profile:2141105372.pdf | Email address:jay@cuthrell.com | How many years experience do you have in the consulting business?:28 | Mobile phone number:+1 4157638343
"6/10/24, 6:46 AM",jay@cuthrell.com, +14157638343,"Truenorth Executive Search, Inc.","Chief Executive Officer – Systems Integration Industry Leader – Private Equity, 78789",http://www.linkedin.com/jobs/view/3941330075,Profile-11.pdf,
"7/19/24, 9:27 AM",jay@cuthrell.com, +14157638343,,,http://www.linkedin.com/jobs/view/3832164544,William J Cuthrell 2024 Right Hand.pdf,Please submit a resume or LinkedIn profile:-1880075049.pdf | First name:Jay | Last name:Cuthrell | Email address:jay@cuthrell.com | Mobile phone number:+1 4157638343 | Website:https://jaycuthrell.com | LinkedIn Profile:https://www.linkedin.com/in/jaycuthrell
"7/4/24, 3:45 PM",jay@cuthrell.com, +14157638343,,,http://www.linkedin.com/jobs/view/3844058705,William J Cuthrell 2024 Right Hand.pdf,Please submit a resume or LinkedIn profile:1194997093.pdf | Email address:jay@cuthrell.com | First name:Jay | Last name:Cuthrell | LinkedIn:https://www.linkedin.com/in/jaycuthrell | Mobile phone number:+1 4157638343
"3/27/24, 7:53 PM",jay@cuthrell.com, +14157638343,Aspire Partners,Senior Sales Executive,http://www.linkedin.com/jobs/view/3858041752,Jay_Cuthrell_CV_GTM_26_Mar_2024.pdf,How many years of work experience do you have with Communication?:28 | Please submit a resume or LinkedIn profile:-1626957301.pdf | Email address:jay@cuthrell.com | How many years of work experience do you have with Finance?:28 | How many years of work experience do you have with Sales?:28 | Mobile phone number:+1 4157638343
"5/27/24, 8:47 PM",jay@cuthrell.com, +14157638343,Senzu Partners,Fractional Executives and Advisors (United States),http://www.linkedin.com/jobs/view/3927464746,Profile-10.pdf,"Mobile phone number:+1 4157638343 | If you answered yes above, what's the (estimated) cumulative deal size of transactions you've advised or worked on?:85000000000 | Email address:jay@cuthrell.com | Please submit a resume or LinkedIn profile:-594118162.pdf | Do you have experience with technology-focused acquisitions and transaction advisory? :Yes"
"5/18/24, 4:27 PM",jay@cuthrell.com, +14157638343,Jupiter Capital Management LLC ,"VP, Senior Business Consultant",http://www.linkedin.com/jobs/view/3929115382,Profile-10.pdf,Mobile phone number:+1 4157638343 | How many years of Business Consulting and Services experience do you currently have?:28 | Are you currently employed in an existing salaried role?:Yes | Email address:jay@cuthrell.com | Please submit a resume or LinkedIn profile:-2078990813.pdf
"7/2/24, 7:50 PM",jay@cuthrell.com, +14157638343,True Signing,Chief Information Officer,http://www.linkedin.com/jobs/view/3965757172,William-J-Cuthrell-Profile.pdf,"How many years of work experience do you have with Tableau?:10 | Have you completed the following level of education: Bachelor's Degree?:Yes | Do you have experience with salesforce (Salesforce and call center technology experience)? If so, how many years?:19 | How many years of work experience do you have with SAP ERP?:14 | Email address:jay@cuthrell.com | Will you now, or in the future, require sponsorship for employment visa status (e.g. H-1B visa status)?:No | Mobile phone number:+1 4157638343 | Please submit a resume or LinkedIn profile:78933238.pdf | Are you comfortable commuting to this job's location?:Yes"
"7/4/24, 7:52 PM",jay@cuthrell.com, +14157638343,Searce Inc,AWS Alliances Director,http://www.linkedin.com/jobs/view/3962935629,William J Cuthrell 2024 Right Hand.pdf,How many years of work experience do you have with Amazon Web Services (AWS)?:15 | Mobile phone number:+1 4157638343 | Please submit a resume or LinkedIn profile:-1534813490.pdf | Have you worked as an Account Executive or equivalent role where you owned a quota and a territory?:Yes | Email address:jay@cuthrell.com
"3/31/24, 12:06 PM",jay@cuthrell.com, +14157638343,Bayforce,Application Project Manager,http://www.linkedin.com/jobs/view/3876563194,Jay_Cuthrell_CV_01_Mar_2024.pdf,Mobile phone number:+1 4157638343 | Please submit a resume or LinkedIn profile:-495280932.pdf | How many years of work experience do you have with Project Management?:28 | Email address:jay@cuthrell.com | How many years of work experience do you have with SharePoint?:19 | How many years of work experience do you have with Application Development?:28
"6/10/24, 8:53 AM",jay@cuthrell.com, +14157638343,Korn Ferry,"Vice President, Investor Relations",http://www.linkedin.com/jobs/view/3940310549,Profile-11.pdf,Are you comfortable commuting to this job's location?:Yes | Please submit a resume or LinkedIn profile:-685247401.pdf | Email address:jay@cuthrell.com | Mobile phone number:+1 4157638343
"3/23/24, 8:01 AM",jay@cuthrell.com, +14157638343,ACT Capital Advisors,Managing Director,http://www.linkedin.com/jobs/view/3864193795,Jay_Cuthrell_CV_01_Mar_2024.pdf,Email address:jay@cuthrell.com | Do you have a specific industry expertise?:Yes | Mobile phone number:+1 4157638343 | How many years of work experience do you have with M&A Advisory Services?:28 | Please submit a resume or LinkedIn profile:-495280932.pdf
"4/8/24, 8:16 PM",jay@cuthrell.com, +14157638343,Korn Ferry,"VP, Corporate Strategy and M&A",http://www.linkedin.com/jobs/view/3851127618,Jay_Cuthrell_CV_08_Apr_2024.pdf,Please submit a resume or LinkedIn profile:764854709.pdf | Email address:jay@cuthrell.com | Mobile phone number:+1 4157638343
"5/18/24, 4:24 PM",jay@cuthrell.com, +14157638343,Axelon Services Corporation,IT Category Management Senior Consultant,http://www.linkedin.com/jobs/view/3913509936,Profile-10.pdf,How many years of work experience do you have with Microsoft Power BI?:5 | How many years of work experience do you have with Supply Chain Management?:10 | Are you comfortable commuting to this job's location?:Yes | How many years of work experience do you have with IT Procurement?:28 | Please submit a resume or LinkedIn profile:-2078990813.pdf | Mobile phone number:+1 4157638343 | Are you comfortable working in a hybrid setting?:Yes | Email address:jay@cuthrell.com
"7/9/24, 5:14 PM",jay@cuthrell.com, +14157638343,OVERJET,Head of Business Development and Partnerships,http://www.linkedin.com/jobs/view/3765384090,William J Cuthrell 2024 Right Hand.pdf,"Do you require visa sponsorship now or in the future?:No | Email address:jay@cuthrell.com | First name:Jay | Race/Ethnicity:White (Not Hispanic or Latino) | <strong>Disability</strong>:No, I do not have a disability and have not had one in the past | Last name:Cuthrell | Mobile phone number:+1 4157638343 | LinkedIn Profile:https://www.linkedin.com/in/jaycuthrell | Cover letter:-1494800784.pdf | Please submit a resume or LinkedIn profile:-1880075049.pdf | What is your state/province of residence? :North Carolina | Gender:Male | Veteran status:I am not a protected veteran"
"4/8/24, 7:16 PM",jay@cuthrell.com, +14157638343,Veracode,Vice President Strategy and Operations,http://www.linkedin.com/jobs/view/3823571299,Jay_Cuthrell_CV_08_Apr_2024.pdf,Cover letter:1203323746.pdf | Mobile phone number:+1 4157638343 | First name:Jay | Last name:Cuthrell | How did you hear about us?:Other | Email address:jay@cuthrell.com | What are your salary expectations?:357000 base | Are you legally authorized to work in the country where the position is located without sponsorship?:Yes | Please submit a resume or LinkedIn profile:764854709.pdf
"6/10/24, 4:00 PM",jay@cuthrell.com, +14157638343,Seven Executive Limited,Global Product Manager,http://www.linkedin.com/jobs/view/3937249171,Profile-11.pdf,Please submit a resume or LinkedIn profile:-685247401.pdf | Email address:jay@cuthrell.com | Mobile phone number:+1 4157638343
"7/6/24, 6:47 PM",jay@cuthrell.com, +14157638343,AMD,Director Global System Integration and Partner - Enablement,http://www.linkedin.com/jobs/view/3927481299,William J Cuthrell 2024 Right Hand.pdf,
"7/9/24, 5:11 PM",jay@cuthrell.com, +14157638343,D33P Search Group,Chief Technology Officer,http://www.linkedin.com/jobs/view/3942720640,William J Cuthrell 2024 Right Hand.pdf,Mobile phone number:+1 4157638343 | Email address:jay@cuthrell.com | Please submit a resume or LinkedIn profile:-1880075049.pdf
"4/8/24, 8:15 PM",jay@cuthrell.com, +14157638343,Motion Recruitment,Chief Technology Officer,http://www.linkedin.com/jobs/view/3888065738,Jay_Cuthrell_CV_08_Apr_2024.pdf,How many years of work experience do you have with B2B2C?:27 | Mobile phone number:+1 4157638343 | Please submit a resume or LinkedIn profile:764854709.pdf | How many years of work experience do you have with Search Engine Optimization (SEO)?:16 | Have you completed the following level of education: Bachelor's Degree?:Yes | How many years of work experience do you have with E-Commerce?:24 | Email address:jay@cuthrell.com
"7/4/24, 3:40 PM",jay@cuthrell.com, +14157638343,Carta,Chief of Staff - CRO,http://www.linkedin.com/jobs/view/3927524871,William J Cuthrell 2024 Right Hand.pdf,"Race and ethnicity:White | Mobile phone number:+1 4157638343 | First name:Jay | Please submit a resume or LinkedIn profile:1194997093.pdf | Website:https://jaycuthrell.com | Email address:jay@cuthrell.com | Gender:Male | Do you now or in the future require visa sponsorship to continue working in the country where this position is located?:No | Are you currently eligible to work in the country where this position is located for any employer?:Yes | Which is your preferred office location(s)?:[San Francisco, CA, Remote - USA, Seattle, WA, New York City, NY, Sandy, UT, Hamilton, NJ, Santa Clara, CA] | LinkedIn Profile:https://www.linkedin.com/in/jaycuthrell | Last name:Cuthrell | Have you worked for Carta at any other time previously?:No | Veteran Status:I am not a protected veteran"
"7/2/24, 7:44 PM",jay@cuthrell.com, +14157638343,rmg digital,Chief Product Officer,http://www.linkedin.com/jobs/view/3964369062,William-J-Cuthrell-Profile.pdf,Mobile phone number:+1 4157638343 | Are you comfortable working in a hybrid setting?:Yes | Are you legally authorized to work in the United States?:Yes | Please submit a resume or LinkedIn profile:78933238.pdf | Email address:jay@cuthrell.com | This job requires regular in-person office attendance. Are you comfortable commuting to the office on a regular basis?:Yes
"7/4/24, 3:44 PM",jay@cuthrell.com, +14157638343,Western Digital,"Senior Director, Program Management - Chief of Staff",http://www.linkedin.com/jobs/view/3871575611,William J Cuthrell 2024 Right Hand.pdf,"Your title:Founder and CEO | Dates of employment:2022-08-01 - 2023-07-01 | What is your major?:Material Science/Material Engineering | Company:IBM | Your title:Infrastructure Architect | Description:PMI Executive role to combine, align, and unify concurrent nested M&A company offerings | Job Listing Type:PREMIUM | Please submit a resume or LinkedIn profile:1194997093.pdf | Your title:Senior Vice President of Product Development | Major / Field of study:Materials Science and Engineering | Your title:AWS Partner Advisory Board Executive Member | What race do you most closely associate with?:White | Description:PMI Executive specialist during Taos integration for final transfer of business into IBM | Your title:Global Vice President of Solutions | Are you a veteran?:No | Company:Faction | Dates attended:2022-01-01 - 2023-12-01 | Your title:Chief Technology Officer | Description:Turned vision into multi $B growth engines during accretive concurrent nested M&A | Will you now or in the future require Western Digital to commence (“sponsor”) an immigration case in order to employ you (for example, H-1B or other employment-based immigration case)?:No | Do you expect to have any outside roles or any other conflicts of interest after accepting employment with Western Digital?:Yes | Do you claim disability status?:No | Company:Cuthrell Consulting | Dates of employment:2024-05-01 -  | If yes, please provide a list/details of the potential conflict of interest::Expert network consultancy | Your title:Principal Consultant | Major / Field of study:Industrial and Product Design | Are you a protected veteran?  <a href=""https://smartrecruiters.com/oneclick-ui/resources/html/ofccpVeterans?lang=en"" target=""_blank"">(definitions)</a>:No | Dates of employment:2023-07-01 - 2024-04-01 | Are you currently working for Western Digital as a non-employee?:No | Dates of employment:2010-10-01 - 2020-09-01 | Last name:Cuthrell | Company:Taos | Your title:Managing Director | Company:Digitel Corporation | Degree:Bachelor of Science - BS | Company:Dell Technologies | Description:Fractional leadership and advisory services | Are you currently party to any employment, consulting or personal services agreement that (i) restricts your right to terminate such agreements or (ii) restricts your right to work for Western Digital immediately upon hire?:No | Dates of employment:2009-01-01 - 2010-10-01 | Dates of employment:1999-08-01 - 2002-07-01 | Are you a citizen of Cuba, Iran, North Korea or Syria?:No | Have you ever been employed by Western Digital or any of its subsidiaries?:No | Dates of employment:2022-08-01 - 2024-04-01 | Company:SapientRazorfish | First name:Jay | Company:Cuthrell Consulting | Description:Representing the GTM interests of IBM Consulting | School:NC State College of Engineering | Do you have any relatives employed by Western Digital?:No | Description:Led growth of global solutions team at Faction, a Dell Technologies Capital portfolio company | Email address:jay@cuthrell.com | Are you a citizen of the country you’ll be employed in?:Yes | Dates of employment:2002-08-01 - 2009-12-01 | Company:Amazon Web Services (AWS) | Degree:Data For Product Managers, Finding Product/Market Fit, Growth Leadership | What is your degree type?:Bachelors of Science | Your title:Partner | Are you open to Western Digital also considering you for temporary positions that may be a match?:Yes | Gender:Male | LinkedIn Profile:https://www.linkedin.com/in/jaycuthrell | School:Reforge | Do you have (or have a history/record of having) a disability?  <a href=""https://smartrecruiters.com/oneclick-ui/resources/html/ofccpDisability?lang=en"" target=""_blank"">(definitions)</a>:No, I do not have a disability and have not had one in the past. | Dates of employment:2020-12-01 - 2022-07-01 | Mobile phone number:+1 4157638343 | Are you Hispanic or Latino?:No | Are you a citizen of the U.S., a lawful permanent resident of the U.S., or a non-U.S. citizen who is in the U.S. as an asylee or a refugee? (if you only hold a temporary work/travel/student U.S. visa, please check No):Yes | BY CHECKING THIS BOX, YOU WILL DECLARE THAT YOU READ AND UNDERSTAND THE WESTERN DIGITAL <a href='https://www.westerndigital.com/legal/applicant-privacy-notice' target='_blank'>PRIVACY POLICY</a>, AND THE SMARTRECRUITERS <a href='https://www.smartrecruiters.com/privacy-policy/?' target='_blank'>PRIVACY POLICY</a> AND SMARTRECRUITERS <a href='https://www.smartrecruiters.com/legal/terms-of-use/' target='_blank'> TERMS OF USE</a>.:I Agree Terms & Conditions | If “Yes” to the previous question, have you subsequently either obtained citizenship, legal permanent resident status or asylum, from a country other than the ones in the previous question?:No"
"7/19/24, 8:55 AM",jay@cuthrell.com, +14157638343,Insight Global,Technical M&A Integration Consultant,http://www.linkedin.com/jobs/view/3977777468,William J Cuthrell 2024 Right Hand.pdf,"How many years of work experience do you have with Acquisition Integration?:25 | Mobile phone number:+1 4157638343 | Email address:jay@cuthrell.com | Are you legally authorized to work in the United States?:Yes | How many years of work experience do you have with Mergers & Acquisitions (M&A)?:19 | Will you now, or in the future, require sponsorship for employment visa status (e.g. H-1B visa status)?:No | Please submit a resume or LinkedIn profile:-1880075049.pdf"
"5/15/24, 7:21 AM",jay@cuthrell.com, +14157638343,Lorven Technologies Inc.,Executive Consultant -- Remote,http://www.linkedin.com/jobs/view/3916550662,Profile-8.pdf,"Your title:Partner | Company:SapientRazorfish | Dates of employment:2008-12-null - 2010-10-null | School:Reforge | Company:Cuthrell Consulting | Company:Dell Technologies | Your title:Senior Vice President of Product Development | Company:Digitel | Company:Amazon Web Services (AWS) | Company:IBM | Your title:Global Vice President of Solutions | Dates of employment:2022-08-null - 2023-07-null | Last name:Cuthrell | Your title:Chief Technology Officer | First name:Jay | School:NC State College of Engineering | Description:Representing the interests of IBM Consulting | Please submit a resume or LinkedIn profile:2141105372.pdf | Description:Consulted at Fortune 500 companies internationally with iXL and Scient | Degree:Bachelor of Science - BS | Description:We help clients navigate, reach, and exceed their goals. | Company:NeoNova Network Services | Dates of employment:2023-07-null - 2024-04-null | Major / Field of study:Industrial and Product Design | Your title:Founder | Dates of employment:1999-08-null - 2002-07-null | Description:Provided servant leadership during the Taos transition into IBM Consulting Hybrid Cloud Services.  Provided executive level support to achieve Final Transfer of Business for Taos and form Platform Engineering Services in the Americas within Hybrid Cloud Services for IBM Consulting in 2023. | Your title:Managing Director | Dates of employment:2007-01-null - 2008-12-null | School:East Carteret High School | Email address:jay@cuthrell.com | Dates attended:1987-01-null - 1990-12-null | Mobile phone number:+1 4157638343 | Dates of employment:2022-08-null - 2024-04-null | Your title:AWS Partner Advisory Board Executive Member | Dates attended:2022-01-null - 2023-12-null | Description:Grew a managed services provider business to achieve exit strategy and liquidity event | Description:Turned vision into growth engines within an accretive M&A environment from 2010 to 2020  2018-2020: Servant leadership for global remote software and systems development using platform engineering teams supporting product introduction based upon cloud-native technologies  2016-2018: Transformed Office of the CTO to support a new product introduction organization following successful exit via acquisition of VCE and EMC to Dell in 2016  2011-2015: Grew a business from 0 to multi $B run rate by turning vision into growth engines leading to successful exit via acquisition of VCE to EMC in 2015  2010-2011: Successful exit via acquisition of Acadia to VCE in 2011 | Description:Managing executive role providing servant leadership to teams that combine, align, and unify a portfolio of hybrid cloud services offerings that delight Enterprise clientele. Customer facing executive consultant working with clientele across all sectors to solve industry challenges by embracing Generative A.I. (GenAI) and what's next. GTM advocacy role as Executive Member of the AWS Partner Advisory Board.  As part of IBM's M&A strategy, I provided executive level support to achieve Final Transfer of Business for Taos, an IBM Company and form Platform Engineering Services in the Americas within Platform Services within Hybrid Cloud Services within IBM Consulting in 2023. | Company:Faction | Company:Taos | Dates attended:1990-01-null - 1995-12-null | Description:Provided servant leadership to grow a global solutions team at Faction, a Dell Technologies Capital portfolio multicloud data services company | Your title:Chief Technology Officer | Dates of employment:2002-08-null - 2006-12-null | Major / Field of study:Materials Science and Engineering | Your title:Founder and CEO | Dates of employment:2010-10-null - 2020-09-null | Dates of employment:2020-12-null - 2022-07-null | Your title:Senior Infrastructure Architect | Description:Launched consulting and managed services growth engines | Company:cuthrell.com | Description:Bankable strategic technology advisor to ICT service providers, investment groups, and startups | Degree:Data For Product Managers, Finding Product/Market Fit, Growth Leadership | Dates of employment:2024-04-null - "
"4/1/24, 11:08 PM",jay@cuthrell.com, +14157638343,GSI,Chief Operating Officer,http://www.linkedin.com/jobs/view/3782356250,Jay_Cuthrell_CV_01_Mar_2024.pdf,"Email address:jay@cuthrell.com | Mobile phone number:+1 4157638343 | Please submit a resume or LinkedIn profile:-495280932.pdf | Are you legally authorized to work in the United States?:Yes | How many years of experience do you have as a COO, VP of Operations, or similar position within companies of 150+ full-time employees :18 | Will you now, or in the future, require sponsorship for employment visa status (e.g. H-1B visa status)?:No | Have you completed the following level of education: Bachelor's Degree?:Yes"
"7/1/24, 2:35 PM",jay@cuthrell.com, +14157638343,Salt Creek Capital,CEO,http://www.linkedin.com/jobs/view/3925084487,Profile-14.pdf,"Mobile phone number:+1 4157638343 | How many years of full P&L management experience do you currently have?:5 | Are you willing to undergo a background check, in accordance with local law/regulations?:Yes | Please submit a resume or LinkedIn profile:-1718212476.pdf | Are you open to relocation? :Yes | Email address:jay@cuthrell.com"
"5/10/24, 2:12 PM",jay@cuthrell.com, +14157638343,Talence Group | Executive Search & Consulting,Interim / Fractional Leaders,http://www.linkedin.com/jobs/view/3894830940,Profile-8.pdf,"Company:Amazon Web Services (AWS) | School:NC State College of Engineering | Description:Turned vision into growth engines within an accretive M&A environment from 2010 to 2020  2018-2020: Servant leadership for global remote software and systems development using platform engineering teams supporting product introduction based upon cloud-native technologies  2016-2018: Transformed Office of the CTO to support a new product introduction organization following successful exit via acquisition of VCE and EMC to Dell in 2016  2011-2015: Grew a business from 0 to multi $B run rate by turning vision into growth engines leading to successful exit via acquisition of VCE to EMC in 2015  2010-2011: Successful exit via acquisition of Acadia to VCE in 2011 | Please submit a resume or LinkedIn profile:2141105372.pdf | Dates of employment:2020-12-01 - 2022-07-01 | Company:Faction | School:East Carteret High School | Dates of employment:2024-04-01 -  | Your title:Global Vice President of Solutions | Your title:Partner | Dates attended:1987-01-01 - 1990-12-01 | Description:Provided servant leadership during the Taos transition into IBM Consulting Hybrid Cloud Services.  Provided executive level support to achieve Final Transfer of Business for Taos and form Platform Engineering Services in the Americas within Hybrid Cloud Services for IBM Consulting in 2023. | Your title:Senior Vice President of Product Development | Your title:Founder and CEO | Major / Field of study:Industrial and Product Design | Mobile phone number:+1 4157638343 | Description:Provided servant leadership to grow a global solutions team at Faction, a Dell Technologies Capital portfolio multicloud data services company | Company:Cuthrell Consulting | Dates attended:1990-01-01 - 1995-12-01 | Description:Managing executive role providing servant leadership to teams that combine, align, and unify a portfolio of hybrid cloud services offerings that delight Enterprise clientele. Customer facing executive consultant working with clientele across all sectors to solve industry challenges by embracing Generative A.I. (GenAI) and what's next. GTM advocacy role as Executive Member of the AWS Partner Advisory Board.  As part of IBM's M&A strategy, I provided executive level support to achieve Final Transfer of Business for Taos, an IBM Company and form Platform Engineering Services in the Americas within Platform Services within Hybrid Cloud Services within IBM Consulting in 2023. | Your title:AWS Partner Advisory Board Executive Member | Dates attended:2022-01-01 - 2023-12-01 | Degree:Data For Product Managers, Finding Product/Market Fit, Growth Leadership | Degree:Bachelor of Science - BS | Description:Representing the interests of IBM Consulting | Description:We help clients navigate, reach, and exceed their goals. | Company:Taos | Company:IBM | Major / Field of study:Materials Science and Engineering | First name:Jay | Describe what you are looking for in your next position.  Feel free to identify some valuable skills that you would bring to the position.:My passion is the ruthless removal of annoyance. I love category creation and driving operational excellence. I shape technologies to advance the art of the possible to become permissible, sustainable, repeatable, and advisable. I practice servant leadership to nurture continuous innovation, unleash reinvention, and unlock market creation in growth-oriented companies with a culture of customer centricity. I lead teams developing multi-billion dollar Enterprise products and services that delight customers and positively impact the world. | School:Reforge | Dates of employment:2022-08-01 - 2023-07-01 | Email address:jay@cuthrell.com | Your title:Managing Director | Dates of employment:2022-08-01 - 2024-04-01 | Dates of employment:2010-10-01 - 2020-09-01 | Dates of employment:2023-07-01 - 2024-04-01 | Company:Dell Technologies | Last name:Cuthrell"
"5/18/24, 1:55 PM",jay@cuthrell.com, +14157638343,"V-Soft Consulting Group, Inc.",Technical Specialist- Senior,http://www.linkedin.com/jobs/view/3917231892,Profile-10.pdf,Please submit a resume or LinkedIn profile:-2078990813.pdf | Email address:jay@cuthrell.com | Mobile phone number:+1 4157638343 | How many years of IT experience do you currently have?:25
"5/25/24, 6:31 PM",jay@cuthrell.com, +14157638343,Burwood Partners,Global Head of Consulting,http://www.linkedin.com/jobs/view/3922764450,Profile-10.pdf,"Email address:jay@cuthrell.com | Are you comfortable working in a remote setting?:Yes | Do you have extensive experience consulting for the Asset and/or Wealth Management Sectors?:Yes | Will you now, or in the future, require sponsorship for employment visa status (e.g. H-1B visa status)?:No | Please submit a resume or LinkedIn profile:-2078990813.pdf | Mobile phone number:+1 4157638343"
"5/25/24, 6:42 PM",jay@cuthrell.com, +14157638343,Upwork,"Director, Corporate Strategy",http://www.linkedin.com/jobs/view/3778937188,Profile-10.pdf,"I identify my sexual orientation as::Straight | I identify as someone with a disability(or previously had a disability)::No | Please submit a resume or LinkedIn profile:-2078990813.pdf | Race and ethnicity:White | I identify my gender as::Man | I identify my military status as::I am not a veteran(USA) | Upwork is committed to providing a safe and inclusive environment for our candidates and team members. As part of this commitment, we want to ensure we address you with the appropriate pronoun.:He/Him/His | Are you legally authorized to work in the United States?:Yes | LinkedIn Profile, Portfolio, Website, Other:https://jaycuthrell.com | What is your current state of residence?:Other state | Last name:Cuthrell | First name:Jay | Mobile phone number:+1 4157638343 | I identify my race/ethnicity as::White | Veteran Status:I am not a protected veteran | Gender:Male | From what state do you plan to work?:Other State | Will you now or in the future require sponsorship for an employment visa status? :No Visa Need | Have you been employed full time at Upwork before?:No | Email address:jay@cuthrell.com"
"3/29/24, 2:36 PM",jay@cuthrell.com, +14157638343,SAIGroup,Director / Sr. Director Product (Platform),http://www.linkedin.com/jobs/view/3854950160,Jay_Cuthrell_CV_01_Mar_2024.pdf,Are you legally authorized to work in the United States?:Yes | Please submit a resume or LinkedIn profile:-495280932.pdf | How many years of work experience do you have with Enterprise Software?:28 | Email address:jay@cuthrell.com | Mobile phone number:+1 4157638343
"7/4/24, 3:41 PM",jay@cuthrell.com, +14157638343,Samba TV,Chief of Staff,http://www.linkedin.com/jobs/view/3963349405,William J Cuthrell 2024 Right Hand.pdf,"First name:Jay | Mobile phone number:+1 4157638343 | Which location are you applying for?:San Francisco, California | Assuming yes, will you now or in the future require sponsorship for employment visa status?:No | Are you legally authorized to accept work in the United States?:Yes | Please submit a resume or LinkedIn profile:1194997093.pdf | Email address:jay@cuthrell.com | Last name:Cuthrell"
"5/18/24, 4:48 PM",jay@cuthrell.com, +14157638343,Shields Group Search,Start-Up Scout,http://www.linkedin.com/jobs/view/3798679611,Profile-10.pdf,How many years of work experience do you have with Early Stage Companies?:28 | Do you have a network of start-ups / companies that could need recruitment services? :Yes | Are you based in the U.S.? :Yes | Email address:jay@cuthrell.com | Mobile phone number:+1 4157638343 | Please submit a resume or LinkedIn profile:-2078990813.pdf | Do you have any experience as a Venture Scout? :Yes
"6/29/24, 10:35 AM",jay@cuthrell.com, +14157638343,KNS International,M&A Integration Leader / Post Merger Integration Manager,http://www.linkedin.com/jobs/view/3863640207,Profile-14.pdf,Email address:jay@cuthrell.com | How many years of work experience do you have with M&A Integration?:26 | Mobile phone number:+1 4157638343 | Do you have Global or Multi-National Business experience?:Yes | Please submit a resume or LinkedIn profile:-1718212476.pdf | Have you completed the following level of education: Master of Business Administration?:No
"7/4/24, 3:35 PM",jay@cuthrell.com, +14157638343,NTT Global Data Centers,Chief of Staff to Global GDC CRO,http://www.linkedin.com/jobs/view/3874202875,William J Cuthrell 2024 Right Hand.pdf,Email address:jay@cuthrell.com | Mobile phone number:+1 4157638343 | Please submit a resume or LinkedIn profile:1194997093.pdf
"7/19/24, 9:23 AM",jay@cuthrell.com, +14157638343,World Wide Technology,Business Case Consultant,http://www.linkedin.com/jobs/view/3959515673,William J Cuthrell 2024 Right Hand.pdf,Mobile phone number:+1 4157638343 | How many years of work experience do you have with Revenue Generation?:23 | Please submit a resume or LinkedIn profile:-1880075049.pdf | Have you completed the following level of education: Bachelor's Degree?:Yes | Email address:jay@cuthrell.com | How many years of work experience do you have with Business Case Development?:19
"4/8/24, 6:41 PM",jay@cuthrell.com, +14157638343,H&P Executive Search,Venture Partner,http://www.linkedin.com/jobs/view/3884544150,Jay_Cuthrell_CV_08_Apr_2024.pdf,"How many years of work experience do you have with Venture Capital?:27 | Please submit a resume or LinkedIn profile:764854709.pdf | Have you completed the following level of education: Bachelor's Degree?:Yes | Mobile phone number:+1 4157638343 | Will you now, or in the future, require sponsorship for employment visa status (e.g. H-1B visa status)?:No | Are you legally authorized to work in the United States?:Yes | Email address:jay@cuthrell.com"
"7/2/24, 7:43 PM",jay@cuthrell.com, +14157638343,The Barton Partnership | B Corp™,Director Private Equity,http://www.linkedin.com/jobs/view/3964399768,William-J-Cuthrell-Profile.pdf,Mobile phone number:+1 4157638343 | How many years of Digital Infrastructure investing experience do you have?:15 | Are you legally authorized to work in the United States?:Yes | Please submit a resume or LinkedIn profile:78933238.pdf | Email address:jay@cuthrell.com
"9/30/24, 9:57 PM",jay@cuthrell.com, +14157638343,Insight Global,Sr. VP of Product ,http://www.linkedin.com/jobs/view/4036980946,Cuthrell_Consulting_Work_and_Media_Samples_by_Jay_Cuthrell_v1.pdf.pdf,"Experience working on complex products (ICP / Ideal Customer Profile):Yes | Has taken a company from US to Global or from 4 million to 100 million (start up industry)?:Yes | Please submit a resume or LinkedIn profile:2095692056.pdf | Open to travel when needed, a couple times a quarter?:Yes | Incredibly professional and understand investor relations?:Yes | ___________ years of leadership, specifically leading a product innovation team at a SaaS organization and subscription-based revenue models?:14 | Email address:jay@cuthrell.com | Mobile phone number:+1 4157638343"
"3/23/24, 8:04 AM",jay@cuthrell.com, +14157638343,CitiusTech,Transformation Director,http://www.linkedin.com/jobs/view/3854294447,Jay_Cuthrell_CV_01_Mar_2024.pdf,Email address:jay@cuthrell.com | How many years of work experience do you have with Product Development?:28 | How many years of work experience do you have with Digital Transformation?:15 | Mobile phone number:+1 4157638343 | Please submit a resume or LinkedIn profile:-495280932.pdf
"3/27/24, 7:59 PM",jay@cuthrell.com, +14157638343,Blend,Digital Transformation Executive,http://www.linkedin.com/jobs/view/3869776414,Jay_Cuthrell_CV_GTM_26_Mar_2024.pdf,Email address:jay@cuthrell.com | Are you legally authorized to work in the United States?:Yes | Mobile phone number:+1 4157638343 | Please submit a resume or LinkedIn profile:-1626957301.pdf
"4/1/24, 11:05 PM",jay@cuthrell.com, +14157638343,Confidential Careers,Chief Operating Officer,http://www.linkedin.com/jobs/view/3821118988,Jay_Cuthrell_CV_01_Mar_2024.pdf,
"3/21/24, 8:58 AM",jay@cuthrell.com, +14157638343,Incedo Inc.,Product Owner - Telecom,http://www.linkedin.com/jobs/view/3850808991,Jay_Cuthrell_CV_01_Mar_2024.pdf,"Have you completed the following level of education: Bachelor's Degree?:Yes | Are you comfortable working in a hybrid setting?:Yes | Email address:jay@cuthrell.com | Are you willing to undergo a background check, in accordance with local law/regulations?:Yes | Mobile phone number:+1 4157638343 | Please submit a resume or LinkedIn profile:-495280932.pdf | How many years of work experience do you have with Jira?:17 | Are you willing to take a drug test, in accordance with local law/regulations?:Yes | How many years of Other experience do you currently have?:29"
"7/19/24, 9:25 AM",jay@cuthrell.com, +14157638343,P&C Global,Senior Consultant – Digital Transformation Practice ,http://www.linkedin.com/jobs/view/3939639618,William J Cuthrell 2024 Right Hand.pdf,"How many years of digital transformation and enterprise software implementation experience do you currently have?:14 | Please submit a resume or LinkedIn profile:-1880075049.pdf | How many years of experience in conducting end-user training sessions do you currently have?:22 | Will you now, or in the future, require sponsorship for employment visa status (e.g. H-1B visa status)?:No | Have you completed the following level of education: Bachelor's Degree?:Yes | Not for C2C. This position operates under a 1099 classification, meaning the contractor will be responsible for their own taxes and benefits. Have you worked as an independent consultant previously?:Yes | How many years of experience in business process reengineering do you currently have?:20 | Are you willing to undergo a background check, in accordance with local law/regulations?:Yes | Email address:jay@cuthrell.com | Mobile phone number:+1 4157638343 | How many years of working with top-tier consulting firms do you currently have?  :5 |  How many years of experience in client-facing consultancy experience do you currently have? :25"
"3/22/24, 7:25 PM",jay@cuthrell.com, +14157638343,Cloudinary,VP of Ecosystems,http://www.linkedin.com/jobs/view/3831840527,Jay_Cuthrell_CV_Consulting_22_Mar_2024.pdf,"Please:Always say please | Last name:Cuthrell | First name:Jay | LinkedIn:https://www.linkedin.com/in/jaycuthrell | Please submit a resume or LinkedIn profile:-1514877276.pdf | Email address:jay@cuthrell.com | What is your current location?:North Carolina, USA | Mobile phone number:+1 4157638343"
"7/10/24, 5:48 PM",jay@cuthrell.com, +14157638343,Anyscale,Cloud Technology Alliance Director,http://www.linkedin.com/jobs/view/3916463699,William J Cuthrell 2024 Right Hand.pdf,"What is your current location?:Beaufort, NC USA | Last name:Cuthrell | Mobile phone number:+1 4157638343 | Please submit a resume or LinkedIn profile:-1880075049.pdf | First name:Jay | Current company:Cuthrell Consulting | Email address:jay@cuthrell.com | Would you require visa sponsorship to work in the country in which this position is based?:No"
"5/18/24, 4:47 PM",jay@cuthrell.com, +14157638343,KIATT,Innovation Consultant - Venture Capital Specialist,http://www.linkedin.com/jobs/view/3922762648,Profile-10.pdf,Email address:jay@cuthrell.com | Mobile phone number:+1 4157638343 | Please submit a resume or LinkedIn profile:-2078990813.pdf
"6/25/24, 4:32 PM",jay@cuthrell.com, +14157638343,Confidential Company,VP Business Development eDiscovery,http://www.linkedin.com/jobs/view/3916596301,Profile-12.pdf,"Do you have at least 4 years of experience selling eDiscovery solutions to corporations and law firms?:No | At least 3 years of experience selling SaaS-based solutions within a legal arena including eDiscovery, Litigation, Regulatory. :No | Mobile phone number:+1 4157638343 | Have you completed the following level of education: Bachelor's Degree?:Yes | Please submit a resume or LinkedIn profile:-1275482618.pdf | Are you legally authorized to work in the United States?:Yes | Email address:jay@cuthrell.com"
"3/24/24, 6:17 AM",jay@cuthrell.com, +14157638343,Cloudflare,"Director of Product Management, Adoption",http://www.linkedin.com/jobs/view/3848171625,Jay_Cuthrell_CV_Consulting_22_Mar_2024.pdf,"Do you now or will you in the future require immigration sponsorship to work at Cloudflare?:No | Would you like to include your LinkedIn profile, personal website or blog?:https://jaycuthrell.com | Please review and acknowledge Cloudflare's Candidate Privacy Policy (cloudflare.com/candidate-privacy-notice/).:Acknowledge/Confirm | Race and ethnicity:White | Last name:Cuthrell | Gender:Male | Cover letter:-940016116.pdf | Disability Status:No, I do not have a disability and have not had one in the past | Mobile phone number:+1 4157638343 | Veteran Status:I am not a protected veteran | Email address:jay@cuthrell.com | Legal Name (if different than above):William Jason Cuthrell | Please submit a resume or LinkedIn profile:-1514877276.pdf | First name:Jay | How did you hear about this job?:I am a Cloudflare customer"
"3/27/24, 7:10 PM",jay@cuthrell.com, +14157638343,Growth Partners (GP),"CEO, New business incubation",http://www.linkedin.com/jobs/view/3863662860,Jay_Cuthrell_CV_GTM_26_Mar_2024.pdf,Mobile phone number:+1 4157638343 | How many years of work experience do you have with Enterprise Software Sales?:20 | Email address:jay@cuthrell.com | Please submit a resume or LinkedIn profile:-1626957301.pdf
