Saved Date,Job Url,Job Title,Company Name
"5/13/24, 6:23 AM",http://www.linkedin.com/jobs/view/3922237654,"VP of Product, Operations Hub",HubSpot
"8/27/24, 6:12 PM",http://www.linkedin.com/jobs/view/3987092584,Cloud Infrastructure Pursuit Executive,Oracle
"2/7/24, 2:36 PM",http://www.linkedin.com/jobs/view/3815130539,General Partner - West Coast,Company Acquisition Fund
"7/12/24, 4:05 PM",http://www.linkedin.com/jobs/view/3870874593,Technology Strategy Senior Manager,Accenture
"6/20/24, 12:45 PM",http://www.linkedin.com/jobs/view/3819429103,Director of Product Marketing - DWS,Lenovo
"1/27/24, 1:02 PM",http://www.linkedin.com/jobs/view/3783509124,,
"6/4/24, 10:41 PM",http://www.linkedin.com/jobs/view/3866669176,"Global Director, Delivery Strategy and Operations",Anaplan
"11/24/23, 8:28 PM",http://www.linkedin.com/jobs/view/3751179089,"Vice President, Product Management, Chrome",Google
"3/23/24, 1:51 PM",http://www.linkedin.com/jobs/view/3864199757,South Region Data & AI Solution Area Lead,Avanade
"3/23/24, 2:05 PM",http://www.linkedin.com/jobs/view/3862352115,Chief Technology Officer,Soni
"3/23/24, 1:45 PM",http://www.linkedin.com/jobs/view/3866126764,"Senior Director, Product Manager - Journey Management & Performance Insights",Genesys
"3/21/24, 12:56 PM",http://www.linkedin.com/jobs/view/3849508838,Group Product Manager,Signify Technology
"11/24/23, 8:28 PM",http://www.linkedin.com/jobs/view/3663903407,"Vice President, Engineering, Workspace Communications and Time Management",Google
"11/8/23, 8:40 PM",http://www.linkedin.com/jobs/view/3723943700,,
"3/23/24, 2:06 PM",http://www.linkedin.com/jobs/view/3866466385,Senior Director of Product Management,Expedia Group
"11/3/24, 10:21 PM",http://www.linkedin.com/jobs/view/3673084772,,
"3/23/24, 1:50 PM",http://www.linkedin.com/jobs/view/3868375421,Vice President - Data Platform Program Management,BlackRock
"3/23/24, 2:04 PM",http://www.linkedin.com/jobs/view/3861312427,"SVP / EVP, Engineering",FLYR
"3/23/24, 1:44 PM",http://www.linkedin.com/jobs/view/3866129135,"Senior Director, Product Manager - Journey Management & Performance Insights",Genesys
"3/25/24, 1:33 PM",http://www.linkedin.com/jobs/view/3857274496,"Strategic Partner Development Principal Lead, Web Platform Partnerships",Google
"11/24/23, 8:27 PM",http://www.linkedin.com/jobs/view/3751177280,"Vice President, Product Management, Chrome",Google
"2/6/24, 3:16 PM",http://www.linkedin.com/jobs/view/3742723929,Chief Technology Officer (CTO),Zip Co
"3/29/24, 2:54 PM",http://www.linkedin.com/jobs/view/3818894288,"Sr. Mgr, Professional Services Security Engineer, Global Services Security",Amazon Web Services (AWS)
"4/25/24, 5:15 AM",http://www.linkedin.com/jobs/view/3829437613,"Managing Director, High Tech & Software Industry (Product and Digital transformation)",West Monroe
"3/23/24, 2:08 PM",http://www.linkedin.com/jobs/view/3859299400,"Vice President of Product Management - Environmental, Social, Governance (ESG)",Workiva
"10/3/24, 7:15 AM",http://www.linkedin.com/jobs/view/3910551622,Head of AMER Card Networks Partnerships,Stripe
"10/26/23, 7:56 PM",http://www.linkedin.com/jobs/view/3742047259,Area Vice President - Financial Services,Teradata
"10/26/23, 7:51 PM",http://www.linkedin.com/jobs/view/3720384185,"Partner, Strategic Consulting",Forsta
"4/19/24, 4:31 PM",http://www.linkedin.com/jobs/view/3905846649,"Partner, Dell Technologies Capital",Dell Technologies
"11/8/23, 8:41 PM",http://www.linkedin.com/jobs/view/3706447230,"VP, Engineering","Checkr, Inc."
"1/24/24, 10:42 AM",http://www.linkedin.com/jobs/view/3803405064,Executive Partner - CIO/CTO Advisory - High Tech,Gartner
"3/23/24, 6:16 AM",http://www.linkedin.com/jobs/view/3866129131,"Senior Director, Product Manager - Journey Management & Performance Insights",Genesys
"11/22/23, 9:44 PM",http://www.linkedin.com/jobs/view/3751177691,"Regional Vice President, Intelligence Community",Elastic
"6/11/24, 8:22 AM",http://www.linkedin.com/jobs/view/3860341549,"Client Engagement Partner - Communications, Media & Technology",Hitachi Digital Services
"4/9/24, 9:10 AM",http://www.linkedin.com/jobs/view/3863017893,"VP, Product Strategy",SailPoint
"5/22/24, 7:37 PM",http://www.linkedin.com/jobs/view/3867451981,Director - AI Advisory,CGI
"4/23/24, 3:18 PM",http://www.linkedin.com/jobs/view/3866125976,"Senior Director of Product Marketing, AI Data Center",Juniper Networks
"7/16/24, 8:44 PM",http://www.linkedin.com/jobs/view/3921142899,"VP, Global Sales Engineering",Automation Anywhere
"3/23/24, 1:48 PM",http://www.linkedin.com/jobs/view/3864873932,Managing Director,KPMG US
"4/10/24, 4:38 PM",http://www.linkedin.com/jobs/view/3885833627,Chief Information Security Officer,Proofpoint
"11/24/23, 8:27 PM",http://www.linkedin.com/jobs/view/3731505704,Cloud Security Artificial Intelligence Executive,Bank of America
"10/22/24, 4:27 PM",http://www.linkedin.com/jobs/view/3737135399,"VP, Corporate Strategy",Micron Technology
"3/18/24, 4:36 AM",http://www.linkedin.com/jobs/view/3856848796,Chief Product Officer,Talently
"4/17/24, 5:17 AM",http://www.linkedin.com/jobs/view/3864604479,Lead AI Product Manager,Verizon
"4/20/24, 1:37 PM",http://www.linkedin.com/jobs/view/3863612037,Chief Product Officer,DNSFilter
"3/23/24, 2:05 PM",http://www.linkedin.com/jobs/view/3862144204,"VP, Product Strategic Initiatives",R1 RCM
"1/24/24, 12:27 PM",http://www.linkedin.com/jobs/view/3780320097,Senior Executive Partner - CTO/CIO Advisory for Global Enterprise and High Tech Clients,Gartner
"4/29/24, 9:16 AM",http://www.linkedin.com/jobs/view/3836578419,"Managing Director, Product Experience & Engineering Lab (Engineering and Go-to-Market)",West Monroe
"1/27/24, 1:38 PM",http://www.linkedin.com/jobs/view/3797107888,AVP Global Architecture (US Remote),Juniper Networks
"3/29/24, 2:38 PM",http://www.linkedin.com/jobs/view/3868009610,"GM, AWS Customer Data & Advertising, AWS Applications",Amazon Web Services (AWS)
"3/23/24, 1:44 PM",http://www.linkedin.com/jobs/view/3866466586,"Director Product Management, Strategic Partnerships and Affiliates",Expedia Group
"4/15/24, 12:56 PM",http://www.linkedin.com/jobs/view/3866758454,VP Product Management-AI Solutions,Zinnia
"3/23/24, 2:06 PM",http://www.linkedin.com/jobs/view/3867463633,"Product Manager, Ads Consumer",Netflix
"4/15/24, 8:23 PM",http://www.linkedin.com/jobs/view/3797101477,"VP, Channel",Pendo.io
"5/6/24, 10:12 AM",http://www.linkedin.com/jobs/view/3814071372,"Director, Digital Transformation Lead Consultant",Kyndryl
"1/24/24, 4:26 PM",http://www.linkedin.com/jobs/view/3780319114,Senior Executive Partner - CTO/CIO Advisory for Global Enterprise and High Tech Clients,Gartner
"4/24/24, 3:13 PM",http://www.linkedin.com/jobs/view/3837045601,"Managing Director, Product Experience & Engineering Lab (Engineering and Go-to-Market)",West Monroe
"3/27/24, 7:07 AM",http://www.linkedin.com/jobs/view/3856717602,Head of Strategic Partnerships - Technology,Intuit
"10/26/23, 7:53 PM",http://www.linkedin.com/jobs/view/3717215230,"General Manager, IPFS Implementations",Protocol Labs
"4/9/24, 2:55 PM",http://www.linkedin.com/jobs/view/3862123695,Global Product Portfolio Lead Senior Director - Secure Infrastructure Platforms,Boston Consulting Group (BCG)
"10/26/23, 7:55 PM",http://www.linkedin.com/jobs/view/3730435082,"SVP, Cybersecurity Services Leader",Forgepoint Capital
"2/7/24, 1:34 PM",http://www.linkedin.com/jobs/view/3787349040,"VP, Business Development & Corporate Initiatives",Recursion
"7/3/24, 3:26 PM",http://www.linkedin.com/jobs/view/3919342364,"Regional Vice President, Central US (Remote, Central US)",Grafana Labs
"2/6/24, 11:43 PM",http://www.linkedin.com/jobs/view/3675646368,VP of Artificial Intelligence,Hinge
"4/22/24, 6:56 PM",http://www.linkedin.com/jobs/view/3866664768,"Head of Partner Engineering, Independent Software Vendors",Google
"11/8/23, 8:41 PM",http://www.linkedin.com/jobs/view/3710309654,"Regional Vice President, Enterprise (SLED, East)",Verkada
"4/17/24, 11:36 AM",http://www.linkedin.com/jobs/view/3862707775,Chief Executive Officer,FALCON
"4/12/24, 2:36 PM",http://www.linkedin.com/jobs/view/3819599750,GSI Business Development Manager,Nutanix
"4/16/24, 8:25 AM",http://www.linkedin.com/jobs/view/3868338098,Director - Technology Strategist,Verisk
"4/25/24, 9:50 AM",http://www.linkedin.com/jobs/view/3866131028,"Director, Product-Led Growth",dbt Labs
"3/29/24, 2:49 PM",http://www.linkedin.com/jobs/view/3865000849,"Sr. Manager, Research Science, AWS MAS2 (WJV)",Amazon Web Services (AWS)
"6/5/24, 2:10 PM",http://www.linkedin.com/jobs/view/3867010403,VP Engineering,DigiCert
"4/26/24, 9:43 AM",http://www.linkedin.com/jobs/view/3862990154,Principal Product Manager,OneTrust
"3/23/24, 1:45 PM",http://www.linkedin.com/jobs/view/3864605284,Private Cloud Product Owner,Wells Fargo
"5/31/24, 9:50 PM",http://www.linkedin.com/jobs/view/3867431012,Director - AI Industries,NVIDIA
"1/25/24, 1:56 AM",http://www.linkedin.com/jobs/view/3797542286,,
"5/21/24, 9:49 PM",http://www.linkedin.com/jobs/view/3779285771,TPG Strategy Director – Mobile Systems Architecture,Micron Technology
"5/1/24, 11:12 AM",http://www.linkedin.com/jobs/view/3852518768,"Director, New Products, Office of the CEO",Dropbox
"4/25/24, 2:31 PM",http://www.linkedin.com/jobs/view/3840628664,Technical Field Strategy Director,HashiCorp
"3/23/24, 6:07 AM",http://www.linkedin.com/jobs/view/3844033194,"Vice President, Strategy Director",Publicis Groupe
"12/28/23, 10:51 PM",http://www.linkedin.com/jobs/view/3795273274,"Mgr, Solutions Consulting",Adobe
"3/29/24, 2:45 PM",http://www.linkedin.com/jobs/view/3710573498,"Director, AWS Research",Amazon Web Services (AWS)
"3/25/24, 1:33 PM",http://www.linkedin.com/jobs/view/3866126765,"Senior Director, Product Manager - Journey Management & Performance Insights",Genesys
"12/5/23, 5:43 PM",http://www.linkedin.com/jobs/view/3771464775,Chief Digital Officer,SCAN
"11/24/23, 8:28 PM",http://www.linkedin.com/jobs/view/3751181000,"Vice President, Product Management, Chrome",Google
"3/23/24, 6:01 AM",http://www.linkedin.com/jobs/view/3842633148,Consumer Goods and Services Supply Chain Transformation Architect Principal Director,Accenture
"1/30/24, 8:40 PM",http://www.linkedin.com/jobs/view/3800959176,Chief Executive Officer,Maneva Group
"1/25/24, 1:40 AM",http://www.linkedin.com/jobs/view/3759877638,"Global Vice President, Channel Sales & Partnerships",Cloudflare
"7/4/23, 10:36 PM",http://www.linkedin.com/jobs/view/3561616131,"Vice President, Market Development",Cloudflare
"6/13/24, 2:22 AM",http://www.linkedin.com/jobs/view/3940585828,Vice President Operations,Seven Executive Limited
"7/17/24, 2:15 PM",http://www.linkedin.com/jobs/view/3857242642,"Director, Product Management DVA - Emerging Technologies",Adobe
"3/29/24, 2:45 PM",http://www.linkedin.com/jobs/view/3835904704,"Director, Application Modernization GTM WW Lead, WWSO",Amazon Web Services (AWS)
"4/15/24, 8:43 PM",http://www.linkedin.com/jobs/view/3863374597,Senior Director Automation & AI,BlackLine
"3/18/24, 4:34 AM",http://www.linkedin.com/jobs/view/3838170845,Senior Director of Product - Search AI Platform / SaaS / Pre-IPO,Xcede
"3/21/24, 12:54 PM",http://www.linkedin.com/jobs/view/3865345223,"Director of Product Management, Observability",MongoDB
"1/26/24, 9:08 PM",http://www.linkedin.com/jobs/view/3790366636,VP of Public Sector Solutions,Workiva
"3/4/24, 3:30 PM",http://www.linkedin.com/jobs/view/3840186807,"Vice President, Product Delivery Excellence, Center of Excellence",Baxter International Inc.
"6/4/24, 8:26 PM",http://www.linkedin.com/jobs/view/3860995815,"Managing Director, Product Experience & Engineering Lab (Engineering and Go-to-Market)",West Monroe
"4/22/24, 10:50 PM",http://www.linkedin.com/jobs/view/3863015374,"Vice President, Product Line Management",Gigamon
"3/23/24, 2:04 PM",http://www.linkedin.com/jobs/view/3861115917,"Director, Product Management, Technology Workflow",ServiceNow
"4/8/24, 6:34 PM",http://www.linkedin.com/jobs/view/3880908095,Workday Managing Partner,Workday
"6/28/24, 6:25 AM",http://www.linkedin.com/jobs/view/3907958474,Vice President Applied Science,Oracle
"3/29/24, 2:44 PM",http://www.linkedin.com/jobs/view/3840574258,"Global Director, AGS Cloud Sales Centers (CSC)",Amazon Web Services (AWS)
"5/10/24, 2:30 PM",http://www.linkedin.com/jobs/view/3831845181,"Director of Product Marketing, AI - SSG",Lenovo
"6/28/24, 10:41 AM",http://www.linkedin.com/jobs/view/3942090222,Chief Financial Officer - C2C,Seven Executive Limited
"1/27/24, 10:23 AM",http://www.linkedin.com/jobs/view/3742872523,Vice President of Engineering – Exposure Management (Remote),CrowdStrike
"3/29/24, 2:48 PM",http://www.linkedin.com/jobs/view/3855490156,"Director, Solution Architects, NAMER Startups",Amazon Web Services (AWS)
"3/21/24, 4:36 AM",http://www.linkedin.com/jobs/view/3864877451,Managing Director,KPMG US
"4/21/24, 10:06 AM",http://www.linkedin.com/jobs/view/3866681323,Head of Data and Cloud Engineering,WiseHire Recruitment
"3/29/24, 2:48 PM",http://www.linkedin.com/jobs/view/3860868887,Director of Kuiper Security,Amazon Web Services (AWS)
"1/26/24, 11:59 PM",http://www.linkedin.com/jobs/view/3764197114,"RVP, Majors Healthcare",RingCentral
"10/26/23, 7:57 PM",http://www.linkedin.com/jobs/view/3731204372,SVP Product Management,Teradata
"4/19/24, 12:32 PM",http://www.linkedin.com/jobs/view/3862111548,Chief Technology Officer,Medella Life
"3/23/24, 1:51 PM",http://www.linkedin.com/jobs/view/3866800105,Data and AI Practice Leader,Unisys
"11/8/23, 8:37 PM",http://www.linkedin.com/jobs/view/3724693261,"Vice President of Product Management, Yahoo News",Yahoo
"11/24/23, 8:27 PM",http://www.linkedin.com/jobs/view/3748491618,"Vice President, Data Center and AI, General Manager; Data Center AI Software and Solutions",Intel Corporation
"10/26/23, 7:55 PM",http://www.linkedin.com/jobs/view/3733740948,"SVP, Demand",Smartsheet
"11/24/23, 8:27 PM",http://www.linkedin.com/jobs/view/3751175756,"Vice President, Product Management, Chrome",Google
"4/23/24, 9:15 PM",http://www.linkedin.com/jobs/view/3860993877,"VP, Product Growth",Apollo.io
"4/17/24, 9:57 PM",http://www.linkedin.com/jobs/view/3864798656,Senior Product Manger - Cloud Solutions,NVIDIA
"5/11/24, 11:06 PM",http://www.linkedin.com/jobs/view/3859042429,"SVP, Global Head Corporate Strategy",Olympus Corporation of the Americas
"3/23/24, 2:07 PM",http://www.linkedin.com/jobs/view/3857734578,"VP, Business Data Enablement",Fidelity Investments
"4/22/24, 2:01 PM",http://www.linkedin.com/jobs/view/3867528216,"VP, Digital Product",ProFocus Technology
"3/23/24, 2:07 PM",http://www.linkedin.com/jobs/view/3854380370,Technology Chief of Staff - Executive Director,JPMorganChase
"7/16/24, 8:44 PM",http://www.linkedin.com/jobs/view/3921144751,"VP, Global Sales Engineering",Automation Anywhere
"6/21/24, 3:15 AM",http://www.linkedin.com/jobs/view/3843543995,Chief Information Security Officer (CISO)/Head of Enterprise IT,Stitch Fix
"5/10/24, 8:04 PM",http://www.linkedin.com/jobs/view/3857354960,"Senior Director, Product Management",GitHub
"3/29/24, 2:50 PM",http://www.linkedin.com/jobs/view/3865503423,"AWS Director, Environmental",Amazon Web Services (AWS)
"4/16/24, 4:52 PM",http://www.linkedin.com/jobs/view/3858151705,Senior Vice President of Technology,Numisma Bank
"6/29/24, 12:44 PM",http://www.linkedin.com/jobs/view/3938932515,"VP, Head of Client Experience",Nuvolo
"4/26/24, 1:42 PM",http://www.linkedin.com/jobs/view/3849730697,"Vice President, Digital & Technology – New Ventures",Universal Orlando Resort
"4/16/24, 3:16 AM",http://www.linkedin.com/jobs/view/3860177360,"Sr. Director, Data Transformation",T-Mobile
"4/10/24, 3:08 PM",http://www.linkedin.com/jobs/view/3804136988,Global Technology Strategy Executive Director,JPMorganChase
"11/28/23, 3:28 PM",http://www.linkedin.com/jobs/view/3766876155,"Vice President, Product Management",Mastercard
"5/20/24, 11:30 AM",http://www.linkedin.com/jobs/view/3863085904,Sr. Director of Technical Alliances and Partnerships,Sift
"11/22/23, 9:44 PM",http://www.linkedin.com/jobs/view/3771292602,"Senior Director, Global Readiness - Customer Success (AI)",Salesforce
"3/23/24, 2:04 PM",http://www.linkedin.com/jobs/view/3862682363,"Sr. Product Director, Consumer Experience",ProFocus Technology
"7/11/24, 2:24 AM",http://www.linkedin.com/jobs/view/3841845119,Strategy Director - Link Commercial US,Veeva Systems
"10/26/23, 7:53 PM",http://www.linkedin.com/jobs/view/3743768634,,
"8/18/24, 5:27 PM",http://www.linkedin.com/jobs/view/3777083510,"Financial Due Diligence & Advisory Director – Technology, Media, and Telecommunications (TMT)",RSM US LLP
"6/13/24, 6:42 AM",http://www.linkedin.com/jobs/view/3932187315,General Manager,Seven Executive Limited
"7/1/24, 8:11 AM",http://www.linkedin.com/jobs/view/3929036008,Senior Vice President,Circana
"3/23/24, 1:50 PM",http://www.linkedin.com/jobs/view/3860687493,Senior Vice President and Chief Technology Officer,Maximus
"1/24/24, 3:08 PM",http://www.linkedin.com/jobs/view/3778358242,"VP, Business Integrity",Elastic
"4/14/24, 6:42 AM",http://www.linkedin.com/jobs/view/3856665890,"VP, Maintenance Service Delivery (Raleigh)",System Soft Technologies
"3/23/24, 1:49 PM",http://www.linkedin.com/jobs/view/3863369406,"Client Director (Technology, Media, Telco)",ServiceNow
