Name,Url,Authority,Started On,Finished On,License Number
Facilitation of Executive Briefings,,Association of Briefing Program Managers,2018,,
Advanced Leadership Experience,,Dell Technologies,2018,,
AWS Partner: Accreditation (Technical),https://www.credly.com/badges/f408bf97-6f84-4f1a-ae50-de18cc404a77?source=linked_in_profile,Amazon Web Services (AWS),Jan 2021,,
AWS Partner: Cloud Economics Accreditation,https://www.credly.com/badges/c0bff7d0-edda-4bc8-96be-6bab4fcf168e?source=linked_in_profile,Amazon Web Services (AWS),Jan 2021,,
AWS Partner: Accreditation (Business),https://www.credly.com/badges/5f8c58a8-dcfd-402b-a573-ada37acbd399?source=linked_in_profile,Amazon Web Services (AWS),Apr 2021,,
Value Based Selling,https://presales-collective.thinkific.com/certificates/wf6fvjb4p6,PreSales Collective,2021,,wf6fvjb4p6
IBM Consulting Way,https://www.credly.com/badges/07f9ec8a-db08-4260-a2fa-10bbad11638e/linked_in_profile,IBM,Oct 2022,,
IBM Security Zero Trust Principles,https://www.credly.com/badges/30159b1a-df44-4589-8a34-04e8e473fb38/linked_in_profile,IBM,Oct 2022,,
Knowledge Sharing for Business Impact,https://www.credly.com/badges/25e01142-ced9-46fc-9a81-8e1b7a16038f/linked_in_profile,IBM,Mar 2023,,
IBM Certified Advocate - Cloud v2,https://www.credly.com/badges/3f52b6f2-1d46-467d-a42a-98fc9e2f3ca1/linked_in_profile,IBM,May 2023,,
Hybrid Cloud Knowledge Leader,https://www.credly.com/badges/9c96d8bb-347b-465a-87a0-b36d575ecc38/linked_in_profile,IBM,May 2023,,
Method Essentials,https://www.credly.com/badges/e44b9827-d5b9-4bdd-b82b-5bdc51cfc5d3/linked_in_profile,IBM,Jun 2023,,
Product-led Certification,https://www.credly.com/badges/20777dcc-4405-411f-bd22-420daa65538e/linked_in_profile,Pendo.io,Jul 2023,,
Growth Leadership,,Reforge,2023,,
Finding Product/Market Fit,,Reforge,2022,,
Data for Product Managers,,Reforge,2022,,
IBM Generative AI Sales,https://www.credly.com/badges/e7d6c9ee-afa6-4ec2-ab52-1ab05dd4bf24/linked_in_profile,IBM,Apr 2024,,
