CONVERSATION ID,CONVERSATION TITLE,FROM,SENDER PROFILE URL,TO,RECIPIENT PROFILE URLS,DATE,SUBJECT,CONTENT,FOLDER
2-NTdlNTI3YzAtNzdhMy00MTk0LTljNGQtZjY0OWJlZDY4YjUyXzAxMg==,,,,Jay Cuthrell,https://www.linkedin.com/in/jaycuthrell,2024-05-24 02:01:12 UTC,,,INBOX
2-NWU1Y2ZkNWQtMzE1ZS00MTUyLTg4OGEtZDM5N2IwZjA0MDA0XzAxMg==,,,,Jay Cuthrell,https://www.linkedin.com/in/jaycuthrell,2024-05-21 13:12:48 UTC,,,INBOX
2-OWM4M2Y5N2EtYTU0My00NWYzLTk4OTctMjQyOGZlNjU3MzE1XzAxMg==,,,,Jay Cuthrell,https://www.linkedin.com/in/jaycuthrell,2024-05-18 20:37:49 UTC,,,INBOX
2-NjgyZWE5YzktM2M3MS00MmQ2LWI5MjUtNmJkMTk1ZDNmNGI1XzAxMg==,,,,Jay Cuthrell,https://www.linkedin.com/in/jaycuthrell,2024-05-16 12:35:39 UTC,,,INBOX
