Organization,Followed On
Nucleate New York,Mon Jun 16 12:42:15 UTC 2025
Consortium of Information Systems Executives (CISE),Sat Jun 14 17:01:13 UTC 2025
Enterprise Solutions Providers,Thu May 22 14:35:10 UTC 2025
SynBioBeta,Mon May 05 03:05:47 UTC 2025
CRN,Wed Apr 09 09:19:31 UTC 2025
Triangle Tech Night,Tue Jan 28 23:40:35 UTC 2025
Pax8,Thu Jan 23 04:46:26 UTC 2025
Techstrong TV,Sat Jan 11 14:41:15 UTC 2025
Gartner,Sat Dec 07 14:55:42 UTC 2024
Pyxl,Mon Nov 18 05:21:40 UTC 2024
Exact Market,Mon Nov 18 05:20:54 UTC 2024
NexusTek,Sat Nov 23 04:22:37 UTC 2024
SiliconANGLE & theCUBE,Sun Jul 21 23:32:29 UTC 2024
BWG Global,Fri Jul 19 13:18:51 UTC 2024
North Carolina Technology Association (NC TECH),Wed Jun 26 02:18:44 UTC 2024
Tech Field Day,Sat May 11 19:41:31 UTC 2024
transformation CONTINUUM,Thu Apr 04 18:07:57 UTC 2024
IBM Alumni,Thu Apr 04 03:54:24 UTC 2024
The Vault Coworking,Thu Jun 13 16:49:49 UTC 2024