Endorsement Date,Skill Name,Endorser First Name,Endorser Last Name,Endorser Public Url,Endorsement Status
2025/03/08 20:30:42 UTC,Management Consulting,Andrew,Brümmer,www.linkedin.com/in/andrewbrummer,ACCEPTED
2025/03/08 20:30:40 UTC,Telco,Andrew,Brümmer,www.linkedin.com/in/andrewbrummer,ACCEPTED
2025/03/08 20:30:39 UTC,Sales Leadership,Andrew,Brümmer,www.linkedin.com/in/andrewbrummer,ACCEPTED
2025/03/07 18:22:42 UTC,Strategic Initiatives,Andrew,Brümmer,www.linkedin.com/in/andrewbrummer,ACCEPTED
2025/03/07 18:22:40 UTC,Analyst Relations,Andrew,Brümmer,www.linkedin.com/in/andrewbrummer,ACCEPTED
2025/03/07 18:22:39 UTC,Organizational Culture,Andrew,Brümmer,www.linkedin.com/in/andrewbrummer,ACCEPTED
2024/12/08 15:57:16 UTC,Build Strong Relationships,Francisco Javier,Gonzalez,www.linkedin.com/in/franciscojaviergonzalezperez,ACCEPTED
2024/12/08 15:57:16 UTC,Corporate Advisory,Francisco Javier,Gonzalez,www.linkedin.com/in/franciscojaviergonzalezperez,ACCEPTED
2024/12/08 15:57:15 UTC,Telco,Francisco Javier,Gonzalez,www.linkedin.com/in/franciscojaviergonzalezperez,ACCEPTED
2024/12/08 15:57:14 UTC,Executive Leadership,Francisco Javier,Gonzalez,www.linkedin.com/in/franciscojaviergonzalezperez,ACCEPTED
2024/12/08 15:57:13 UTC,Product Evangelism,Francisco Javier,Gonzalez,www.linkedin.com/in/franciscojaviergonzalezperez,ACCEPTED
2024/09/28 02:43:30 UTC,Telco,Kris,Krüg,www.linkedin.com/in/kriskrug,ACCEPTED
2024/09/28 02:43:29 UTC,Sales Leadership,Kris,Krüg,www.linkedin.com/in/kriskrug,ACCEPTED
2024/09/28 02:43:28 UTC,Strategic Initiatives,Kris,Krüg,www.linkedin.com/in/kriskrug,ACCEPTED
2024/08/05 00:25:49 UTC,Post-Merger Integration (PMI),Kris,Krüg,www.linkedin.com/in/kriskrug,ACCEPTED
2024/08/05 00:25:48 UTC,Executive Leadership,Kris,Krüg,www.linkedin.com/in/kriskrug,ACCEPTED
2024/08/05 00:25:46 UTC,Fractional CxO,Kris,Krüg,www.linkedin.com/in/kriskrug,ACCEPTED
