Event Name,Event Time,Status,External Url
"Tech Sales Insights LIVE featuring Mohamad Ali, COO of IBM Consulting","Feb 15, 2024 05:30 PM - Feb 15, 2024 06:30 PM",APPROVED,https://www.linkedin.com/in/randyseidl/
An AI Cloud Conversation with VAST Data,"May 23, 2024 08:00 PM - May 23, 2024 08:45 PM",APPROVED,
Meet The VC,"Jun 11, 2024 05:00 PM - Jun 11, 2024 06:00 PM",APPROVED,
Put Your Cloud Investments First,"Jul 13, 2022 06:00 PM - Jul 13, 2022 06:30 PM",APPROVED,https://www.softwareone.com/en-ca/webinars/2022/06/08/put-your-cloud-investments-first?utm_id=220613_P2108_SA2103_M16_S11_C030_A198
"Let's talk Continuous Authorization with Danny Holtzman, DevSecOps AO","Jul 12, 2022 05:00 PM - Jul 12, 2022 06:00 PM",RELINQUISHED,
Tocca + HubSpot: Perfectly Tailored Events on the CRM Platform You Love ,"Sep 16, 2021 06:00 PM - Sep 16, 2021 06:45 PM",APPROVED,
The Demand Generation Series Vol.5 Why You Need to Humanise Your Brand,"Sep 11, 2024 01:00 PM - Sep 11, 2024 02:00 PM",APPROVED,
Leading Edge With Martha: Developing Your Workforce,"Jun 21, 2024 05:00 PM - Jun 21, 2024 06:00 PM",APPROVED,
Are You Getting The MOST Out of Your Data?,"Jul 14, 2022 04:00 PM - Jul 14, 2022 05:00 PM",APPROVED,
Mastering Hybrid Cloud - Part 2,"Aug 30, 2022 04:30 PM - Aug 30, 2022 04:55 PM",APPROVED,
Probabilistic Demand Forecasting at Scale,"Aug 30, 2022 03:00 PM - Aug 30, 2022 04:00 PM",APPROVED,https://www.youtube.com/c/DataTalksClub
Inphinity Bells & Whistles: Stress Free High Performance Planning in Qlik,"Jun 27, 2024 01:00 PM - Jun 27, 2024 02:00 PM",APPROVED,
 Mock cold call battle,"Feb 23, 2022 05:00 PM - Feb 23, 2022 06:00 PM",APPROVED,
Never Search Alone Live: An hour of community & inspiration for job seekers,"Jul 26, 2024 04:00 PM - Jul 26, 2024 05:00 PM",APPROVED,
The Future of TikTok: The People’s Bid  |  A Project Liberty LinkedIn Live,"Oct 10, 2024 04:00 PM - Oct 10, 2024 04:30 PM",APPROVED,
#CreatorTeaTalk: The Tea On Creative Block & Burnout,"May 09, 2024 09:00 PM - May 09, 2024 10:00 PM",APPROVED,
Coffee at The Vault,"Jun 28, 2024 01:00 PM - Jun 28, 2024 02:00 PM",APPROVED,https://lu.ma/7d2bcsvg
Enterprise Journey to Multicloud Security,"Jul 19, 2022 04:00 PM - Jul 19, 2022 05:00 PM",APPROVED,
Testing LinkedIn Events,"May 28, 2021 10:00 AM - May 28, 2021 10:30 AM",APPROVED,
"The ABC's of Agentic Engineering with Reuven ""RuV"" Cohen | TDK Episode 32","Dec 12, 2024 04:00 PM - Dec 12, 2024 05:00 PM",APPROVED,
Coffee at The Vault,"Jul 05, 2024 01:00 PM - Jul 05, 2024 02:00 PM",APPROVED,https://lu.ma/zpyplaoz
"How to build a complete DevSecOps pipeline without ""Duct Tape""","Jul 21, 2022 05:00 PM - Jul 21, 2022 06:30 PM",APPROVED,https://us06web.zoom.us/webinar/register/6116527088077/WN_MLwToiSwQ1eA39sP2M7J8g
Navigating Trade Uncertainty: What Small & Mid-Sized Companies Need to Know,"May 20, 2025 03:00 PM - May 20, 2025 04:00 PM",APPROVED,https://us02web.zoom.us/j/83535810994?pwd=BkbZ2mowByHTdAz4rUv33XVPKf4gh1.1
Faster to Cloud! - Episode 1: Building a business case for cloud migration,"Jan 22, 2024 03:00 PM - Jan 22, 2024 03:20 PM",APPROVED,
Women of MEDDIC: Navigating the Global Pandemic,"Mar 10, 2022 04:00 PM - Mar 10, 2022 05:00 PM",APPROVED,
Tech Sales Insights LIVE featuring Carl Eschenbach,"Nov 10, 2022 08:30 PM - Nov 10, 2022 09:30 PM",RELINQUISHED,https://www.linkedin.com/in/randyseidl/
Multidimensional Prometheus Metrics ,"Nov 10, 2022 03:00 PM - Nov 10, 2022 04:00 PM",APPROVED,
Twitter Spaces for Fudge Sunday issue #21,"Jul 18, 2021 03:00 PM - Jul 18, 2021 03:30 PM",APPROVED,
"Iceberg for Snowflake: Implementing the fastest, most open data lakehouse","Jun 27, 2024 05:00 PM - Jun 27, 2024 06:00 PM",APPROVED,
"Data, Data Everywhere - How Can Businesses Make Sense of it All?","Aug 04, 2021 04:00 PM - Aug 04, 2021 05:00 PM",APPROVED,
