HashTag,CreatedTime,LastModifiedTime,State
powerone,2020-01-24 06:30:02,2020-03-17 20:56:17,Unfollow
vmware,2019-10-23 23:09:10,2019-10-24 20:24:54,Unfollow
vxflex,2019-10-23 19:17:10,2019-10-24 20:24:46,Unfollow
vxrail,2019-10-23 19:17:01,2019-10-24 20:24:49,Unfollow
dellemc,2019-10-23 19:16:53,2019-10-24 20:24:52,Unfollow
hyperconverged,2019-10-23 19:16:48,2019-10-24 20:24:50,Unfollow
converged,2019-10-23 19:16:43,2019-10-24 20:24:56,Unfollow
vxblock,2019-10-23 19:16:36,2019-10-24 20:24:58,Unfollow
iwork4dell,2019-10-23 19:15:33,2020-01-24 06:29:44,Unfollow
