Date,Link
2025-06-18 12:31:57,https://www.linkedin.com/feed/update/urn%3Ali%3Aactivity%3A7341080230414966784
2025-06-17 14:06:16,https://www.linkedin.com/feed/update/urn%3Ali%3Aactivity%3A7340741576161189888
2025-06-15 14:56:38,https://www.linkedin.com/feed/update/urn%3Ali%3Aactivity%3A7340029475213963265
2025-06-12 16:23:49,https://www.linkedin.com/feed/update/urn%3Ali%3Aactivity%3A7338964254873542657
2025-06-11 15:55:57,https://www.linkedin.com/feed/update/urn%3Ali%3Aactivity%3A7338594853712195585
2025-06-08 19:54:44,https://www.linkedin.com/feed/update/urn%3Ali%3Aactivity%3A7337567781304905730
2025-06-06 01:10:16,https://www.linkedin.com/feed/update/urn%3Ali%3Aactivity%3A7336560024862814208
2025-06-05 13:47:51,https://www.linkedin.com/feed/update/urn%3Ali%3Aactivity%3A7336388286925492224
2025-06-04 17:00:32,https://www.linkedin.com/feed/update/urn%3Ali%3Aactivity%3A7336074390939336706
2025-06-02 02:10:38,https://www.linkedin.com/feed/update/urn%3Ali%3Aactivity%3A7335125665819635712
2025-06-02 02:10:23,https://www.linkedin.com/feed/update/urn%3Ali%3Aactivity%3A7335125603043495936
2025-05-31 18:29:57,https://www.linkedin.com/feed/update/urn%3Ali%3Aactivity%3A7334647342245036032
2025-05-31 16:30:20,https://www.linkedin.com/feed/update/urn%3Ali%3Aactivity%3A7334617239016398848
2025-05-31 13:37:48,https://www.linkedin.com/feed/update/urn%3Ali%3Aactivity%3A7334573820000788481
2025-05-30 23:16:42,https://www.linkedin.com/feed/update/urn%3Ali%3Aactivity%3A7334357118071853057
2025-05-30 03:18:03,https://www.linkedin.com/feed/update/urn%3Ali%3Aactivity%3A7334055467591127041
2025-05-29 23:09:37,https://www.linkedin.com/feed/update/urn%3Ali%3Aactivity%3A7333992948734287873
2025-05-29 13:56:46,https://www.linkedin.com/feed/update/urn%3Ali%3Aactivity%3A7333853816678703105
2025-05-29 13:56:23,https://www.linkedin.com/feed/update/urn%3Ali%3Aactivity%3A7333853719211483136
2025-05-28 16:46:36,https://www.linkedin.com/feed/update/urn%3Ali%3Aactivity%3A7333534168431169538
2025-05-28 12:46:40,https://www.linkedin.com/feed/update/urn%3Ali%3Aactivity%3A7333473786962313216
2025-05-27 02:39:56,https://www.linkedin.com/feed/update/urn%3Ali%3Aactivity%3A7332958710861873152
2025-05-21 22:13:02,https://www.linkedin.com/feed/update/urn%3Ali%3Aactivity%3A7331079603966402561
2025-05-21 12:17:53,https://www.linkedin.com/feed/update/urn%3Ali%3Aactivity%3A7330929827908100096
2025-05-21 12:01:11,https://www.linkedin.com/feed/update/urn%3Ali%3Aactivity%3A7330925627530752000
2025-05-20 12:29:12,https://www.linkedin.com/feed/update/urn%3Ali%3Aactivity%3A7330570289128296448
2025-05-20 12:28:24,https://www.linkedin.com/feed/update/urn%3Ali%3Aactivity%3A7330570089840132096
2025-05-18 16:42:23,https://www.linkedin.com/feed/update/urn%3Ali%3Aactivity%3A7329909229295726592
2025-05-15 21:46:45,https://www.linkedin.com/feed/update/urn%3Ali%3Aactivity%3A7328898660904103936
2025-05-15 03:48:00,https://www.linkedin.com/feed/update/urn%3Ali%3Aactivity%3A7328627186662318081
2025-05-15 00:46:17,https://www.linkedin.com/feed/update/urn%3Ali%3Aactivity%3A7328581454542630912
2025-05-15 00:44:39,https://www.linkedin.com/feed/update/urn%3Ali%3Aactivity%3A7328581044150935553
2025-05-15 00:44:26,https://www.linkedin.com/feed/update/urn%3Ali%3Aactivity%3A7328580990228979712
2025-05-15 00:44:12,https://www.linkedin.com/feed/update/urn%3Ali%3Aactivity%3A7328580930946625536
2025-05-15 00:43:58,https://www.linkedin.com/feed/update/urn%3Ali%3Aactivity%3A7328580872088023040
2025-05-14 21:21:17,https://www.linkedin.com/feed/update/urn%3Ali%3Aactivity%3A7328529866927046656
2025-05-14 15:54:26,https://www.linkedin.com/feed/update/urn%3Ali%3Aactivity%3A7328447609482719232
2025-05-11 20:43:18,https://www.linkedin.com/feed/update/urn%3Ali%3Aactivity%3A7327433144301756417
2025-05-10 18:07:42,https://www.linkedin.com/feed/update/urn%3Ali%3Aactivity%3A7327031596211924992
2025-05-09 21:20:07,https://www.linkedin.com/feed/update/urn%3Ali%3Aactivity%3A7326717634228404224
2025-05-09 03:28:26,https://www.linkedin.com/feed/update/urn%3Ali%3Aactivity%3A7326447934110085120
2025-05-06 22:53:18,https://www.linkedin.com/feed/update/urn%3Ali%3Aactivity%3A7325653917902471168
2025-05-06 18:16:17,https://www.linkedin.com/feed/update/urn%3Ali%3Aactivity%3A7325584205470445570
2025-05-02 17:47:03,https://www.linkedin.com/feed/update/urn%3Ali%3Aactivity%3A7324127298054406144
2025-04-29 20:33:57,https://www.linkedin.com/feed/update/urn%3Ali%3Aactivity%3A7323082135622373376
2025-04-25 21:57:39,https://www.linkedin.com/feed/update/urn%3Ali%3Aactivity%3A7321653649787547649
2025-04-22 23:19:09,https://www.linkedin.com/feed/update/urn%3Ali%3Aactivity%3A7320586993443246080
2025-04-22 22:35:40,https://www.linkedin.com/feed/update/urn%3Ali%3Aactivity%3A7320576051007393792
2025-04-22 14:33:48,https://www.linkedin.com/feed/update/urn%3Ali%3Aactivity%3A7320454784715546624
2025-04-21 04:19:03,https://www.linkedin.com/feed/update/urn%3Ali%3Aactivity%3A7319937690869587968
2025-04-20 04:00:57,https://www.linkedin.com/feed/update/urn%3Ali%3Aactivity%3A7319570746769395713
2025-04-18 21:20:13,https://www.linkedin.com/feed/update/urn%3Ali%3Aactivity%3A7319107512375382017
2025-04-17 00:04:40,https://www.linkedin.com/feed/update/urn%3Ali%3Aactivity%3A7318424123787890689
2025-04-11 04:10:51,https://www.linkedin.com/feed/update/urn%3Ali%3Aactivity%3A7316311747806597120
2025-04-09 19:06:37,https://www.linkedin.com/feed/update/urn%3Ali%3Aactivity%3A7315812398509027329
2025-04-09 19:06:07,https://www.linkedin.com/feed/update/urn%3Ali%3Aactivity%3A7315812276572180481
2025-04-09 19:04:11,https://www.linkedin.com/feed/update/urn%3Ali%3Aactivity%3A7315811789672206336
2025-04-09 14:01:33,https://www.linkedin.com/feed/update/urn%3Ali%3Aactivity%3A7315735628602617856
2025-04-09 09:18:03,https://www.linkedin.com/feed/update/urn%3Ali%3Aactivity%3A7315664283697074177
2025-04-07 02:55:51,https://www.linkedin.com/feed/update/urn%3Ali%3Aactivity%3A7314843324983508993
2025-04-05 23:45:50,https://www.linkedin.com/feed/update/urn%3Ali%3Aactivity%3A7314433117249818626
2025-04-01 21:03:49,https://www.linkedin.com/feed/update/urn%3Ali%3Aactivity%3A7312942790248718337
2025-04-01 16:20:18,https://www.linkedin.com/feed/update/urn%3Ali%3Aactivity%3A7312871442956648448
2025-04-01 03:04:14,https://www.linkedin.com/feed/update/urn%3Ali%3Aactivity%3A7312671107948425216
2025-03-31 05:08:42,https://www.linkedin.com/feed/update/urn%3Ali%3Aactivity%3A7312340040641138688
2025-03-27 01:06:02,https://www.linkedin.com/feed/update/urn%3Ali%3Aactivity%3A7310829420011794433
2025-03-26 18:19:35,https://www.linkedin.com/feed/update/urn%3Ali%3Aactivity%3A7310727134480642050
2025-03-25 03:02:10,https://www.linkedin.com/feed/update/urn%3Ali%3Aactivity%3A7310133868773191680
2025-03-21 16:24:58,https://www.linkedin.com/feed/update/urn%3Ali%3Aactivity%3A7308886349812490241
2025-03-20 17:19:20,https://www.linkedin.com/feed/update/urn%3Ali%3Aactivity%3A7308537643632373760
2025-03-16 22:18:25,https://www.linkedin.com/feed/update/urn%3Ali%3Aactivity%3A7307163361446670336
2025-03-15 14:11:28,https://www.linkedin.com/feed/update/urn%3Ali%3Aactivity%3A7306678427565084672
2025-03-15 01:27:52,https://www.linkedin.com/feed/update/urn%3Ali%3Aactivity%3A7306486262184488960
2025-03-12 21:19:17,https://www.linkedin.com/feed/update/urn%3Ali%3Aactivity%3A7305698927318650882
2025-03-09 06:26:10,https://www.linkedin.com/feed/update/urn%3Ali%3Aactivity%3A7304387001791754240
2025-03-08 12:45:24,https://www.linkedin.com/feed/update/urn%3Ali%3Aactivity%3A7304120054164475904
2025-03-08 01:44:53,https://www.linkedin.com/feed/update/urn%3Ali%3Aactivity%3A7303953827282497536
2025-03-08 00:03:22,https://www.linkedin.com/feed/update/urn%3Ali%3Aactivity%3A7303928280540168192
2025-03-06 20:24:18,https://www.linkedin.com/feed/update/urn%3Ali%3Aactivity%3A7303510764617621506
2025-03-06 17:40:23,https://www.linkedin.com/feed/update/urn%3Ali%3Aactivity%3A7303469513319075840
2025-03-06 13:26:57,https://www.linkedin.com/feed/update/urn%3Ali%3Aactivity%3A7303405733478293505
2025-03-05 23:39:28,https://www.linkedin.com/feed/update/urn%3Ali%3Aactivity%3A7303197492081283072
2025-02-28 15:24:54,https://www.linkedin.com/feed/update/urn%3Ali%3Aactivity%3A7301261090649194497
2025-02-28 15:24:49,https://www.linkedin.com/feed/update/urn%3Ali%3Aactivity%3A7301261067026874370
2025-02-28 01:14:26,https://www.linkedin.com/feed/update/urn%3Ali%3Aactivity%3A7301047063956389888
2025-02-28 01:12:23,https://www.linkedin.com/feed/update/urn%3Ali%3Aactivity%3A7301046547792691200
2025-02-26 14:54:20,https://www.linkedin.com/feed/update/urn%3Ali%3Aactivity%3A7300528621897633792
2025-02-26 09:42:46,https://www.linkedin.com/feed/update/urn%3Ali%3Aactivity%3A7300450212118974465
2025-02-25 18:14:41,https://www.linkedin.com/feed/update/urn%3Ali%3Aactivity%3A7300216651617058816
2025-02-25 13:01:29,https://www.linkedin.com/feed/update/urn%3Ali%3Aactivity%3A7300137832109457408
2025-02-14 18:14:43,https://www.linkedin.com/feed/update/urn%3Ali%3Aactivity%3A7296230393521860608
2025-02-12 16:52:24,https://www.linkedin.com/feed/update/urn%3Ali%3Aactivity%3A7295484904849502209
2025-02-11 06:56:53,https://www.linkedin.com/feed/update/urn%3Ali%3Aactivity%3A7294972647648481281
2025-02-10 01:29:34,https://www.linkedin.com/feed/update/urn%3Ali%3Aactivity%3A7294527890824527872
2025-02-07 17:14:31,https://www.linkedin.com/feed/update/urn%3Ali%3Aactivity%3A7293678529773273088
2025-02-06 18:17:06,https://www.linkedin.com/feed/update/urn%3Ali%3Aactivity%3A7293331891804377089
2025-02-01 04:35:29,https://www.linkedin.com/feed/update/urn%3Ali%3Aactivity%3A7291313186878685184
2025-01-28 17:30:24,https://www.linkedin.com/feed/update/urn%3Ali%3Aactivity%3A7290058646791569408
2025-01-28 12:33:30,https://www.linkedin.com/feed/update/urn%3Ali%3Aactivity%3A7289983932689784832
2025-01-27 16:33:33,https://www.linkedin.com/feed/update/urn%3Ali%3Aactivity%3A7289681955325976578
2025-01-24 18:31:22,https://www.linkedin.com/feed/update/urn%3Ali%3Aactivity%3A7288624441318649856
2025-01-23 18:30:18,https://www.linkedin.com/feed/update/urn%3Ali%3Aactivity%3A7288261782500978688
2025-01-23 02:35:09,https://www.linkedin.com/feed/update/urn%3Ali%3Aactivity%3A7288021410340388864
2025-01-22 23:46:07,https://www.linkedin.com/feed/update/urn%3Ali%3Aactivity%3A7287978873655279616
2025-01-22 17:16:29,https://www.linkedin.com/feed/update/urn%3Ali%3Aactivity%3A7287880818373328896
2025-01-22 14:32:54,https://www.linkedin.com/feed/update/urn%3Ali%3Aactivity%3A7287839653435457537
2025-01-22 01:27:59,https://www.linkedin.com/feed/update/urn%3Ali%3Aactivity%3A7287642121837133824
2025-01-17 05:27:24,https://www.linkedin.com/feed/update/urn%3Ali%3Aactivity%3A7285890431232495619
2025-01-16 20:29:06,https://www.linkedin.com/feed/update/urn%3Ali%3Aactivity%3A7285754965451526145
2025-01-11 02:18:09,https://www.linkedin.com/feed/update/urn%3Ali%3Aactivity%3A7283668479436591104
2025-01-10 03:13:02,https://www.linkedin.com/feed/update/urn%3Ali%3Aactivity%3A7283319903749603329
2025-01-10 02:29:47,https://www.linkedin.com/feed/update/urn%3Ali%3Aactivity%3A7283309021279748096
2025-01-10 01:50:58,https://www.linkedin.com/feed/update/urn%3Ali%3Aactivity%3A7283299249268654081
2025-01-08 18:18:26,https://www.linkedin.com/feed/update/urn%3Ali%3Aactivity%3A7282822978378076161
2025-01-08 18:04:58,https://www.linkedin.com/feed/update/urn%3Ali%3Aactivity%3A7282819591079116801
2025-01-08 17:04:01,https://www.linkedin.com/feed/update/urn%3Ali%3Aactivity%3A7282804250999459842
2025-01-06 19:28:32,https://www.linkedin.com/feed/update/urn%3Ali%3Aactivity%3A7282115843734290432
2024-12-30 15:17:24,https://www.linkedin.com/feed/update/urn%3Ali%3Aactivity%3A7279515927828725761
2024-12-30 00:49:49,https://www.linkedin.com/feed/update/urn%3Ali%3Aactivity%3A7279297595439513600
2024-12-25 15:41:57,https://www.linkedin.com/feed/update/urn%3Ali%3Aactivity%3A7277710167054417920
2024-12-11 18:07:06,https://www.linkedin.com/feed/update/urn%3Ali%3Aactivity%3A7272673264731144192
2024-12-06 02:04:13,https://www.linkedin.com/feed/update/urn%3Ali%3Aactivity%3A7270619009648144384
2024-12-04 03:14:32,https://www.linkedin.com/feed/update/urn%3Ali%3Aactivity%3A7269911928737529857
2024-12-03 03:53:28,https://www.linkedin.com/feed/update/urn%3Ali%3Aactivity%3A7269559341207236608
2024-11-28 00:35:20,https://www.linkedin.com/feed/update/urn%3Ali%3Aactivity%3A7267697536826585088
2024-11-24 16:46:49,https://www.linkedin.com/feed/update/urn%3Ali%3Aactivity%3A7266492468852932608
2024-11-22 14:17:15,https://www.linkedin.com/feed/update/urn%3Ali%3Aactivity%3A7265730053416656896
2024-11-11 13:56:47,https://www.linkedin.com/feed/update/urn%3Ali%3Aactivity%3A7261738635899629569
2024-11-07 23:47:59,https://www.linkedin.com/feed/update/urn%3Ali%3Aactivity%3A7260437865631739905
2024-10-20 15:02:30,https://www.linkedin.com/feed/update/urn%3Ali%3Aactivity%3A7253782639696924672
2024-10-11 14:16:05,https://www.linkedin.com/feed/update/urn%3Ali%3Aactivity%3A7250509470223462401
2024-10-06 21:42:22,https://www.linkedin.com/feed/update/urn%3Ali%3Aactivity%3A7248809841090002945
2024-09-28 13:11:30,https://www.linkedin.com/feed/update/urn%3Ali%3Aactivity%3A7245782174514188289
2024-09-26 02:08:08,https://www.linkedin.com/feed/update/urn%3Ali%3Aactivity%3A7244890455589462016
2024-09-25 03:23:52,https://www.linkedin.com/feed/update/urn%3Ali%3Aactivity%3A7244547129602449411
2024-09-20 20:05:13,https://www.linkedin.com/feed/update/urn%3Ali%3Aactivity%3A7242987186587844608
2024-09-19 16:09:34,https://www.linkedin.com/feed/update/urn%3Ali%3Aactivity%3A7242565495793549312
2024-09-18 22:41:53,https://www.linkedin.com/feed/update/urn%3Ali%3Aactivity%3A7242301835426893826
2024-09-18 22:41:25,https://www.linkedin.com/feed/update/urn%3Ali%3Aactivity%3A7242301718024134656
2024-09-18 01:03:49,https://www.linkedin.com/feed/update/urn%3Ali%3Aactivity%3A7241975166602264576
2024-09-16 19:45:39,https://www.linkedin.com/feed/update/urn%3Ali%3Aactivity%3A7241532711117418497
2024-09-09 00:20:40,https://www.linkedin.com/feed/update/urn%3Ali%3Aactivity%3A7238702819673870336
2024-09-06 22:42:19,https://www.linkedin.com/feed/update/urn%3Ali%3Aactivity%3A7237953290175463425
2024-09-05 04:26:25,https://www.linkedin.com/feed/update/urn%3Ali%3Aactivity%3A7237315110526947328
2024-08-20 20:17:07,https://www.linkedin.com/feed/update/urn%3Ali%3Aactivity%3A7231756159584522241
2024-08-20 20:16:30,https://www.linkedin.com/feed/update/urn%3Ali%3Aactivity%3A7231756002428162050
2024-08-19 19:57:37,https://www.linkedin.com/feed/update/urn%3Ali%3Aactivity%3A7231388861514309633
2024-08-19 16:09:55,https://www.linkedin.com/feed/update/urn%3Ali%3Aactivity%3A7231331558022877185
2024-08-19 16:09:19,https://www.linkedin.com/feed/update/urn%3Ali%3Aactivity%3A7231331407648694272
2024-08-18 23:40:57,https://www.linkedin.com/feed/update/urn%3Ali%3Aactivity%3A7231082677334913024
2024-08-18 17:20:35,https://www.linkedin.com/feed/update/urn%3Ali%3Aactivity%3A7230986955662991360
2024-08-18 17:20:06,https://www.linkedin.com/feed/update/urn%3Ali%3Aactivity%3A7230986836121178113
2024-08-17 14:37:44,https://www.linkedin.com/feed/update/urn%3Ali%3Aactivity%3A7230583585303412736
2024-08-17 14:35:37,https://www.linkedin.com/feed/update/urn%3Ali%3Aactivity%3A7230583053901856769
2024-08-17 14:34:36,https://www.linkedin.com/feed/update/urn%3Ali%3Aactivity%3A7230582797470502913
2024-08-17 14:34:18,https://www.linkedin.com/feed/update/urn%3Ali%3Aactivity%3A7230582723063484419
2024-08-17 14:34:06,https://www.linkedin.com/feed/update/urn%3Ali%3Aactivity%3A7230582669321871360
2024-08-17 13:25:05,https://www.linkedin.com/feed/update/urn%3Ali%3Aactivity%3A7230565303846346752
2024-08-17 01:41:59,https://www.linkedin.com/feed/update/urn%3Ali%3Aactivity%3A7230388363311140864
2024-08-16 19:57:02,https://www.linkedin.com/feed/update/urn%3Ali%3Aactivity%3A7230301553012666368
2024-08-16 19:56:18,https://www.linkedin.com/feed/update/urn%3Ali%3Aactivity%3A7230301366903058432
2024-08-16 16:49:10,https://www.linkedin.com/feed/update/urn%3Ali%3Aactivity%3A7230254274851549184
2024-08-15 20:54:46,https://www.linkedin.com/feed/update/urn%3Ali%3Aactivity%3A7229953695298301953
2024-08-15 10:51:12,https://www.linkedin.com/feed/update/urn%3Ali%3Aactivity%3A7229801801498161152
2024-08-14 14:00:55,https://www.linkedin.com/feed/update/urn%3Ali%3Aactivity%3A7229487156161843200
2024-08-14 13:44:35,https://www.linkedin.com/feed/update/urn%3Ali%3Aactivity%3A7229483046587056129
2024-08-13 20:11:10,https://www.linkedin.com/feed/update/urn%3Ali%3Aactivity%3A7229217944885473280
2024-08-13 16:49:42,https://www.linkedin.com/feed/update/urn%3Ali%3Aactivity%3A7229167244075769856
2024-08-13 12:41:42,https://www.linkedin.com/feed/update/urn%3Ali%3Aactivity%3A7229104832752603136
2024-08-11 19:34:55,https://www.linkedin.com/feed/update/urn%3Ali%3Aactivity%3A7228484047461584896
2024-08-11 18:32:49,https://www.linkedin.com/feed/update/urn%3Ali%3Aactivity%3A7228468420235710464
2024-08-10 17:15:13,https://www.linkedin.com/feed/update/urn%3Ali%3Aactivity%3A7228086501551603713
2024-08-10 17:14:06,https://www.linkedin.com/feed/update/urn%3Ali%3Aactivity%3A7228086219719487488
2024-08-10 17:13:45,https://www.linkedin.com/feed/update/urn%3Ali%3Aactivity%3A7228086131643355136
2024-08-10 17:11:10,https://www.linkedin.com/feed/update/urn%3Ali%3Aactivity%3A7228085481744281601
2024-08-10 16:42:35,https://www.linkedin.com/feed/update/urn%3Ali%3Aactivity%3A7228078289842573312
2024-08-10 00:55:59,https://www.linkedin.com/feed/update/urn%3Ali%3Aactivity%3A7227840071566008320
2024-08-10 00:55:16,https://www.linkedin.com/feed/update/urn%3Ali%3Aactivity%3A7227839891567452160
2024-08-10 00:53:29,https://www.linkedin.com/feed/update/urn%3Ali%3Aactivity%3A7227839442013597696
2024-08-09 13:51:01,https://www.linkedin.com/feed/update/urn%3Ali%3Aactivity%3A7227672727136935936
2024-08-09 10:16:15,https://www.linkedin.com/feed/update/urn%3Ali%3Aactivity%3A7227618678878449664
2024-08-09 10:14:23,https://www.linkedin.com/feed/update/urn%3Ali%3Aactivity%3A7227618207098941440
2024-08-09 04:34:23,https://www.linkedin.com/feed/update/urn%3Ali%3Aactivity%3A7227532644698202112
2024-08-09 04:34:03,https://www.linkedin.com/feed/update/urn%3Ali%3Aactivity%3A7227532559306420226
2024-08-09 04:31:39,https://www.linkedin.com/feed/update/urn%3Ali%3Aactivity%3A7227531958174527488
2024-08-09 04:30:43,https://www.linkedin.com/feed/update/urn%3Ali%3Aactivity%3A7227531720927916033
2024-08-09 04:30:26,https://www.linkedin.com/feed/update/urn%3Ali%3Aactivity%3A7227531648978866176
2024-08-09 04:28:50,https://www.linkedin.com/feed/update/urn%3Ali%3Aactivity%3A7227531245813968896
2024-08-09 04:27:59,https://www.linkedin.com/feed/update/urn%3Ali%3Aactivity%3A7227531035272491008
2024-08-09 01:53:21,https://www.linkedin.com/feed/update/urn%3Ali%3Aactivity%3A7227492117583982592
2024-08-09 00:02:16,https://www.linkedin.com/feed/update/urn%3Ali%3Aactivity%3A7227464162094837760
2024-08-08 15:58:40,https://www.linkedin.com/feed/update/urn%3Ali%3Aactivity%3A7227342462183231488
2024-08-07 10:02:02,https://www.linkedin.com/feed/update/urn%3Ali%3Aactivity%3A7226890322918752256
2024-08-07 10:01:40,https://www.linkedin.com/feed/update/urn%3Ali%3Aactivity%3A7226890231164100608
2024-08-05 14:24:11,https://www.linkedin.com/feed/update/urn%3Ali%3Aactivity%3A7226231523086086144
2024-08-03 21:05:11,https://www.linkedin.com/feed/update/urn%3Ali%3Aactivity%3A7225607659750600704
2024-08-03 21:04:03,https://www.linkedin.com/feed/update/urn%3Ali%3Aactivity%3A7225607374667984896
2024-08-02 18:27:38,https://www.linkedin.com/feed/update/urn%3Ali%3Aactivity%3A7225205624358268928
2024-08-02 15:29:55,https://www.linkedin.com/feed/update/urn%3Ali%3Aactivity%3A7225160899790016518
2024-08-02 14:58:28,https://www.linkedin.com/feed/update/urn%3Ali%3Aactivity%3A7225152987009069059
2024-08-02 14:58:03,https://www.linkedin.com/feed/update/urn%3Ali%3Aactivity%3A7225152880117198848
2024-08-02 14:57:36,https://www.linkedin.com/feed/update/urn%3Ali%3Aactivity%3A7225152767286222848
2024-08-02 14:57:03,https://www.linkedin.com/feed/update/urn%3Ali%3Aactivity%3A7225152627980804096
2024-08-02 00:38:16,https://www.linkedin.com/feed/update/urn%3Ali%3Aactivity%3A7224936509764763648
2024-08-01 15:04:44,https://www.linkedin.com/feed/update/urn%3Ali%3Aactivity%3A7224792173148286976
2024-07-31 13:04:45,https://www.linkedin.com/feed/update/urn%3Ali%3Aactivity%3A7224399591738064896
2024-07-31 00:02:32,https://www.linkedin.com/feed/update/urn%3Ali%3Aactivity%3A7224202742464983040
2024-07-30 16:53:59,https://www.linkedin.com/feed/update/urn%3Ali%3Aactivity%3A7224094894313615361
2024-07-30 14:54:56,https://www.linkedin.com/feed/update/urn%3Ali%3Aactivity%3A7224064931581562880
2024-07-30 02:49:59,https://www.linkedin.com/feed/update/urn%3Ali%3Aactivity%3A7223882490795491329
2024-07-28 23:07:00,https://www.linkedin.com/feed/update/urn%3Ali%3Aactivity%3A7223463988330704896
2024-07-28 18:04:33,https://www.linkedin.com/feed/update/urn%3Ali%3Aactivity%3A7223387875369754624
2024-07-28 16:16:29,https://www.linkedin.com/feed/update/urn%3Ali%3Aactivity%3A7223360678391099393
2024-07-28 14:04:50,https://www.linkedin.com/feed/update/urn%3Ali%3Aactivity%3A7223327547441197056
2024-07-28 14:04:11,https://www.linkedin.com/feed/update/urn%3Ali%3Aactivity%3A7223327384769310721
2024-07-28 14:03:13,https://www.linkedin.com/feed/update/urn%3Ali%3Aactivity%3A7223327142623801344
2024-07-28 14:02:56,https://www.linkedin.com/feed/update/urn%3Ali%3Aactivity%3A7223327071110864896
2024-07-28 14:00:32,https://www.linkedin.com/feed/update/urn%3Ali%3Aactivity%3A7223326467860930561
2024-07-28 13:59:54,https://www.linkedin.com/feed/update/urn%3Ali%3Aactivity%3A7223326308770979840
2024-07-28 13:58:38,https://www.linkedin.com/feed/update/urn%3Ali%3Aactivity%3A7223325988099624960
2024-07-28 13:56:36,https://www.linkedin.com/feed/update/urn%3Ali%3Aactivity%3A7223325478491693057
2024-07-28 13:53:10,https://www.linkedin.com/feed/update/urn%3Ali%3Aactivity%3A7223324614658002944
2024-07-27 17:31:35,https://www.linkedin.com/feed/update/urn%3Ali%3Aactivity%3A7223017189425979393
2024-07-27 14:38:07,https://www.linkedin.com/feed/update/urn%3Ali%3Aactivity%3A7222973534908678144
2024-07-27 12:44:18,https://www.linkedin.com/feed/update/urn%3Ali%3Aactivity%3A7222944895852843009
2024-07-26 23:24:37,https://www.linkedin.com/feed/update/urn%3Ali%3Aactivity%3A7222743645026684928
2024-07-26 23:19:53,https://www.linkedin.com/feed/update/urn%3Ali%3Aactivity%3A7222742456524574720
2024-07-26 22:42:19,https://www.linkedin.com/feed/update/urn%3Ali%3Aactivity%3A7222733001678360576
2024-07-26 22:40:57,https://www.linkedin.com/feed/update/urn%3Ali%3Aactivity%3A7222732658139672576
2024-07-26 22:39:10,https://www.linkedin.com/feed/update/urn%3Ali%3Aactivity%3A7222732209189724160
2024-07-25 10:19:19,https://www.linkedin.com/feed/update/urn%3Ali%3Aactivity%3A7222183632851939329
2024-07-24 01:31:09,https://www.linkedin.com/feed/update/urn%3Ali%3Aactivity%3A7221688325437304832
2024-07-24 01:30:46,https://www.linkedin.com/feed/update/urn%3Ali%3Aactivity%3A7221688232017625088
2024-07-24 01:30:15,https://www.linkedin.com/feed/update/urn%3Ali%3Aactivity%3A7221688099653779457
2024-07-24 01:29:27,https://www.linkedin.com/feed/update/urn%3Ali%3Aactivity%3A7221687899950362624
2024-07-24 01:28:36,https://www.linkedin.com/feed/update/urn%3Ali%3Aactivity%3A7221687684048527360
2024-07-24 01:28:30,https://www.linkedin.com/feed/update/urn%3Ali%3Aactivity%3A7221687657657942016
2024-07-24 00:48:58,https://www.linkedin.com/feed/update/urn%3Ali%3Aactivity%3A7221677711985983488
2024-07-24 00:48:29,https://www.linkedin.com/feed/update/urn%3Ali%3Aactivity%3A7221677587842916352
2024-07-23 22:00:07,https://www.linkedin.com/feed/update/urn%3Ali%3Aactivity%3A7221635217353043969
2024-07-23 15:40:15,https://www.linkedin.com/feed/update/urn%3Ali%3Aactivity%3A7221539621606748160
2024-07-22 23:22:02,https://www.linkedin.com/feed/update/urn%3Ali%3Aactivity%3A7221293445175218178
2024-07-22 21:46:12,https://www.linkedin.com/feed/update/urn%3Ali%3Aactivity%3A7221269329554612224
2024-07-22 21:45:47,https://www.linkedin.com/feed/update/urn%3Ali%3Aactivity%3A7221269223522582529
2024-07-21 00:08:59,https://www.linkedin.com/feed/update/urn%3Ali%3Aactivity%3A7220580486778155008
2024-07-19 19:04:24,https://www.linkedin.com/feed/update/urn%3Ali%3Aactivity%3A7220141447931457538
2024-07-19 19:02:27,https://www.linkedin.com/feed/update/urn%3Ali%3Aactivity%3A7220140956044402688
2024-07-19 19:02:19,https://www.linkedin.com/feed/update/urn%3Ali%3Aactivity%3A7220140922326368259
2024-07-19 13:48:03,https://www.linkedin.com/feed/update/urn%3Ali%3Aactivity%3A7220061835624878082
2024-07-18 21:29:29,https://www.linkedin.com/feed/update/urn%3Ali%3Aactivity%3A7219815569208827905
2024-07-18 21:28:19,https://www.linkedin.com/feed/update/urn%3Ali%3Aactivity%3A7219815278061182977
2024-07-18 21:28:02,https://www.linkedin.com/feed/update/urn%3Ali%3Aactivity%3A7219815204736417792
2024-07-18 20:04:22,https://www.linkedin.com/feed/update/urn%3Ali%3Aactivity%3A7219794150156570624
2024-07-17 14:12:11,https://www.linkedin.com/feed/update/urn%3Ali%3Aactivity%3A7219343132050501632
2024-07-17 03:24:26,https://www.linkedin.com/feed/update/urn%3Ali%3Aactivity%3A7219180119662178304
2024-07-16 19:58:12,https://www.linkedin.com/feed/update/urn%3Ali%3Aactivity%3A7219067822776168448
2024-07-16 19:57:44,https://www.linkedin.com/feed/update/urn%3Ali%3Aactivity%3A7219067703372713984
2024-07-16 19:57:14,https://www.linkedin.com/feed/update/urn%3Ali%3Aactivity%3A7219067576755126272
2024-07-16 19:53:56,https://www.linkedin.com/feed/update/urn%3Ali%3Aactivity%3A7219066748472279040
2024-07-16 14:39:17,https://www.linkedin.com/feed/update/urn%3Ali%3Aactivity%3A7218987563473080320
2024-07-16 00:32:45,https://www.linkedin.com/feed/update/urn%3Ali%3Aactivity%3A7218774525067304962
2024-07-15 16:53:28,https://www.linkedin.com/feed/update/urn%3Ali%3Aactivity%3A7218658944372613121
2024-07-15 14:01:40,https://www.linkedin.com/feed/update/urn%3Ali%3Aactivity%3A7218615710862766082
2024-07-15 00:31:23,https://www.linkedin.com/feed/update/urn%3Ali%3Aactivity%3A7218411795005214720
2024-07-14 21:45:47,https://www.linkedin.com/feed/update/urn%3Ali%3Aactivity%3A7218370118349664257
2024-07-14 18:51:53,https://www.linkedin.com/feed/update/urn%3Ali%3Aactivity%3A7218326355002695681
2024-07-14 01:44:04,https://www.linkedin.com/feed/update/urn%3Ali%3Aactivity%3A7218067699505999872
2024-07-14 00:04:58,https://www.linkedin.com/feed/update/urn%3Ali%3Aactivity%3A7218042758085705728
2024-07-13 14:26:37,https://www.linkedin.com/feed/update/urn%3Ali%3Aactivity%3A7217897213249662976
2024-07-13 00:24:17,https://www.linkedin.com/feed/update/urn%3Ali%3Aactivity%3A7217685232970313728
2024-07-13 00:24:05,https://www.linkedin.com/feed/update/urn%3Ali%3Aactivity%3A7217685183364243456
2024-07-13 00:23:49,https://www.linkedin.com/feed/update/urn%3Ali%3Aactivity%3A7217685116293124096
2024-07-13 00:22:51,https://www.linkedin.com/feed/update/urn%3Ali%3Aactivity%3A7217684873057107969
2024-07-13 00:22:42,https://www.linkedin.com/feed/update/urn%3Ali%3Aactivity%3A7217684834771480576
2024-07-12 12:52:33,https://www.linkedin.com/feed/update/urn%3Ali%3Aactivity%3A7217511152589664257
2024-07-11 21:18:36,https://www.linkedin.com/feed/update/urn%3Ali%3Aactivity%3A7217276114505711616
2024-07-11 15:51:24,https://www.linkedin.com/feed/update/urn%3Ali%3Aactivity%3A7217193772248395776
2024-07-11 15:51:07,https://www.linkedin.com/feed/update/urn%3Ali%3Aactivity%3A7217193701805015041
2024-07-11 15:26:53,https://www.linkedin.com/feed/update/urn%3Ali%3Aactivity%3A7217187601726763009
2024-07-10 02:35:35,https://www.linkedin.com/feed/update/urn%3Ali%3Aactivity%3A7216631109495730176
2024-07-10 02:29:50,https://www.linkedin.com/feed/update/urn%3Ali%3Aactivity%3A7216629664746799104
2024-07-10 02:18:08,https://www.linkedin.com/feed/update/urn%3Ali%3Aactivity%3A7216626720232062977
2024-07-10 01:07:42,https://www.linkedin.com/feed/update/urn%3Ali%3Aactivity%3A7216608995426320385
2024-07-09 17:58:52,https://www.linkedin.com/feed/update/urn%3Ali%3Aactivity%3A7216501073698566147
2024-07-09 17:58:26,https://www.linkedin.com/feed/update/urn%3Ali%3Aactivity%3A7216500968333475843
2024-07-09 17:56:40,https://www.linkedin.com/feed/update/urn%3Ali%3Aactivity%3A7216500522923536384
2024-07-09 17:51:35,https://www.linkedin.com/feed/update/urn%3Ali%3Aactivity%3A7216499243975405569
2024-07-09 17:51:26,https://www.linkedin.com/feed/update/urn%3Ali%3Aactivity%3A7216499205295534080
2024-07-09 16:39:17,https://www.linkedin.com/feed/update/urn%3Ali%3Aactivity%3A7216481049055277056
2024-07-09 13:29:17,https://www.linkedin.com/feed/update/urn%3Ali%3Aactivity%3A7216433232001560578
2024-07-08 20:49:30,https://www.linkedin.com/feed/update/urn%3Ali%3Aactivity%3A7216181627595407361
2024-07-08 19:45:15,https://www.linkedin.com/feed/update/urn%3Ali%3Aactivity%3A7216165461623746560
2024-07-08 19:44:51,https://www.linkedin.com/feed/update/urn%3Ali%3Aactivity%3A7216165357756051456
2024-07-08 18:56:44,https://www.linkedin.com/feed/update/urn%3Ali%3Aactivity%3A7216153251992190976
2024-07-08 14:44:44,https://www.linkedin.com/feed/update/urn%3Ali%3Aactivity%3A7216089833079717888
2024-07-08 01:34:08,https://www.linkedin.com/feed/update/urn%3Ali%3Aactivity%3A7215890871114706944
2024-07-08 01:32:03,https://www.linkedin.com/feed/update/urn%3Ali%3Aactivity%3A7215890346986086400
2024-07-07 01:16:51,https://www.linkedin.com/feed/update/urn%3Ali%3Aactivity%3A7215524135223861249
2024-07-06 01:06:38,https://www.linkedin.com/feed/update/urn%3Ali%3Aactivity%3A7215159176459599872
2024-07-04 23:56:42,https://www.linkedin.com/feed/update/urn%3Ali%3Aactivity%3A7214779189151870976
2024-07-04 12:32:09,https://www.linkedin.com/feed/update/urn%3Ali%3Aactivity%3A7214606916969267200
2024-07-04 12:31:22,https://www.linkedin.com/feed/update/urn%3Ali%3Aactivity%3A7214606719304249345
2024-07-04 02:32:22,https://www.linkedin.com/feed/update/urn%3Ali%3Aactivity%3A7214455976639299584
2024-07-04 02:31:12,https://www.linkedin.com/feed/update/urn%3Ali%3Aactivity%3A7214455682924720128
2024-07-04 02:30:22,https://www.linkedin.com/feed/update/urn%3Ali%3Aactivity%3A7214455469782769665
2024-07-04 02:18:25,https://www.linkedin.com/feed/update/urn%3Ali%3Aactivity%3A7214452466048790529
2024-07-03 22:16:27,https://www.linkedin.com/feed/update/urn%3Ali%3Aactivity%3A7214391569716555777
2024-07-03 15:35:52,https://www.linkedin.com/feed/update/urn%3Ali%3Aactivity%3A7214290760693624832
2024-07-03 12:47:32,https://www.linkedin.com/feed/update/urn%3Ali%3Aactivity%3A7214248396931411968
2024-07-03 09:49:09,https://www.linkedin.com/feed/update/urn%3Ali%3Aactivity%3A7214203508076544000
2024-07-02 17:22:19,https://www.linkedin.com/feed/update/urn%3Ali%3Aactivity%3A7213955161285652480
2024-07-02 17:18:34,https://www.linkedin.com/feed/update/urn%3Ali%3Aactivity%3A7213954219987398657
2024-07-02 00:56:03,https://www.linkedin.com/feed/update/urn%3Ali%3Aactivity%3A7213706960590827520
2024-07-02 00:53:38,https://www.linkedin.com/feed/update/urn%3Ali%3Aactivity%3A7213706353016455168
2024-07-01 06:24:27,https://www.linkedin.com/feed/update/urn%3Ali%3Aactivity%3A7213427216867565568
2024-06-30 21:18:38,https://www.linkedin.com/feed/update/urn%3Ali%3Aactivity%3A7213289859220676608
2024-06-29 19:54:51,https://www.linkedin.com/feed/update/urn%3Ali%3Aactivity%3A7212906385301192704
2024-06-29 19:54:36,https://www.linkedin.com/feed/update/urn%3Ali%3Aactivity%3A7212906323066134528
2024-06-29 19:53:19,https://www.linkedin.com/feed/update/urn%3Ali%3Aactivity%3A7212906000188612608
2024-06-29 19:24:42,https://www.linkedin.com/feed/update/urn%3Ali%3Aactivity%3A7212898796358266880
2024-06-28 21:31:32,https://www.linkedin.com/feed/update/urn%3Ali%3Aactivity%3A7212568328924491776
2024-06-28 20:16:44,https://www.linkedin.com/feed/update/urn%3Ali%3Aactivity%3A7212549502585503744
2024-06-27 21:04:49,https://www.linkedin.com/feed/update/urn%3Ali%3Aactivity%3A7212199217828675584
2024-06-27 20:32:02,https://www.linkedin.com/feed/update/urn%3Ali%3Aactivity%3A7212190968521924609
2024-06-27 19:58:33,https://www.linkedin.com/feed/update/urn%3Ali%3Aactivity%3A7212182539266928642
2024-06-27 04:16:39,https://www.linkedin.com/feed/update/urn%3Ali%3Aactivity%3A7211945504790720512
2024-06-27 04:12:40,https://www.linkedin.com/feed/update/urn%3Ali%3Aactivity%3A7211944501588692992
2024-06-27 04:12:14,https://www.linkedin.com/feed/update/urn%3Ali%3Aactivity%3A7211944394172575744
2024-06-26 23:06:45,https://www.linkedin.com/feed/update/urn%3Ali%3Aactivity%3A7211867514794864640
2024-06-26 12:27:52,https://www.linkedin.com/feed/update/urn%3Ali%3Aactivity%3A7211706732727730176
2024-06-26 04:25:16,https://www.linkedin.com/feed/update/urn%3Ali%3Aactivity%3A7211585285913014272
2024-06-26 04:17:55,https://www.linkedin.com/feed/update/urn%3Ali%3Aactivity%3A7211583433993580544
2024-06-26 03:31:46,https://www.linkedin.com/feed/update/urn%3Ali%3Aactivity%3A7211571820557201408
2024-06-25 23:34:48,https://www.linkedin.com/feed/update/urn%3Ali%3Aactivity%3A7211512187268272130
2024-06-25 02:23:37,https://www.linkedin.com/feed/update/urn%3Ali%3Aactivity%3A7211192282685861888
2024-06-24 19:50:48,https://www.linkedin.com/feed/update/urn%3Ali%3Aactivity%3A7211093426191183872
2024-06-24 19:50:18,https://www.linkedin.com/feed/update/urn%3Ali%3Aactivity%3A7211093302505345024
2024-06-24 11:09:18,https://www.linkedin.com/feed/update/urn%3Ali%3Aactivity%3A7210962187425566721
2024-06-23 23:14:16,https://www.linkedin.com/feed/update/urn%3Ali%3Aactivity%3A7210782242824974336
2024-06-23 23:13:56,https://www.linkedin.com/feed/update/urn%3Ali%3Aactivity%3A7210782160880812032
2024-06-23 23:13:40,https://www.linkedin.com/feed/update/urn%3Ali%3Aactivity%3A7210782093033795585
2024-06-23 23:13:22,https://www.linkedin.com/feed/update/urn%3Ali%3Aactivity%3A7210782018232553474
2024-06-23 23:07:59,https://www.linkedin.com/feed/update/urn%3Ali%3Aactivity%3A7210780662830637056
2024-06-23 23:07:51,https://www.linkedin.com/feed/update/urn%3Ali%3Aactivity%3A7210780627938226176
2024-06-22 09:15:04,https://www.linkedin.com/feed/update/urn%3Ali%3Aactivity%3A7210208665071431680
2024-06-22 03:30:47,https://www.linkedin.com/feed/update/urn%3Ali%3Aactivity%3A7210122021123321856
2024-06-21 16:35:53,https://www.linkedin.com/feed/update/urn%3Ali%3Aactivity%3A7209957212444635136
2024-06-21 13:00:06,https://www.linkedin.com/feed/update/urn%3Ali%3Aactivity%3A7209902905544306688
2024-06-21 12:09:20,https://www.linkedin.com/feed/update/urn%3Ali%3Aactivity%3A7209890129895723008
2024-06-21 02:35:04,https://www.linkedin.com/feed/update/urn%3Ali%3Aactivity%3A7209745610160132096
2024-06-21 01:22:28,https://www.linkedin.com/feed/update/urn%3Ali%3Aactivity%3A7209727340493303810
2024-06-20 20:11:38,https://www.linkedin.com/feed/update/urn%3Ali%3Aactivity%3A7209649118313410560
2024-06-20 20:10:35,https://www.linkedin.com/feed/update/urn%3Ali%3Aactivity%3A7209648853812211713
2024-06-20 02:08:25,https://www.linkedin.com/feed/update/urn%3Ali%3Aactivity%3A7209376518303555584
2024-06-20 02:07:59,https://www.linkedin.com/feed/update/urn%3Ali%3Aactivity%3A7209376410396704768
2024-06-20 02:07:32,https://www.linkedin.com/feed/update/urn%3Ali%3Aactivity%3A7209376293870518272
2024-06-20 02:05:33,https://www.linkedin.com/feed/update/urn%3Ali%3Aactivity%3A7209375796719685632
2024-06-20 02:04:22,https://www.linkedin.com/feed/update/urn%3Ali%3Aactivity%3A7209375498479489025
2024-06-20 02:03:23,https://www.linkedin.com/feed/update/urn%3Ali%3Aactivity%3A7209375251510476800
2024-06-18 21:44:13,https://www.linkedin.com/feed/update/urn%3Ali%3Aactivity%3A7208947639873060865
2024-06-18 13:29:44,https://www.linkedin.com/feed/update/urn%3Ali%3Aactivity%3A7208823201320046596
2024-06-18 11:33:50,https://www.linkedin.com/feed/update/urn%3Ali%3Aactivity%3A7208794032607481856
2024-06-18 01:32:39,https://www.linkedin.com/feed/update/urn%3Ali%3Aactivity%3A7208642738957762561
2024-06-18 01:31:58,https://www.linkedin.com/feed/update/urn%3Ali%3Aactivity%3A7208642567649853440
2024-06-18 01:07:52,https://www.linkedin.com/feed/update/urn%3Ali%3Aactivity%3A7208636502732357632
2024-06-17 12:49:53,https://www.linkedin.com/feed/update/urn%3Ali%3Aactivity%3A7208450782541533184
2024-06-17 11:17:58,https://www.linkedin.com/feed/update/urn%3Ali%3Aactivity%3A7208427654364942336
2024-06-16 01:46:57,https://www.linkedin.com/feed/update/urn%3Ali%3Aactivity%3A7207921562732113920
2024-06-15 22:23:11,https://www.linkedin.com/feed/update/urn%3Ali%3Aactivity%3A7207870285591527424
2024-06-15 17:19:37,https://www.linkedin.com/feed/update/urn%3Ali%3Aactivity%3A7207793889745735682
2024-06-14 18:02:26,https://www.linkedin.com/feed/update/urn%3Ali%3Aactivity%3A7207442274501152768
2024-06-14 18:00:41,https://www.linkedin.com/feed/update/urn%3Ali%3Aactivity%3A7207441834975866880
2024-06-14 18:00:00,https://www.linkedin.com/feed/update/urn%3Ali%3Aactivity%3A7207441663382749185
2024-06-14 12:17:05,https://www.linkedin.com/feed/update/urn%3Ali%3Aactivity%3A7207355366135709696
2024-06-12 23:10:59,https://www.linkedin.com/feed/update/urn%3Ali%3Aactivity%3A7206795147894779905
2024-06-12 22:46:49,https://www.linkedin.com/feed/update/urn%3Ali%3Aactivity%3A7206789066464374785
2024-06-12 16:51:20,https://www.linkedin.com/feed/update/urn%3Ali%3Aactivity%3A7206699607706218497
2024-06-11 18:14:51,https://www.linkedin.com/feed/update/urn%3Ali%3Aactivity%3A7206358237019787264
2024-06-11 18:14:26,https://www.linkedin.com/feed/update/urn%3Ali%3Aactivity%3A7206358133324009474
2024-06-11 18:14:01,https://www.linkedin.com/feed/update/urn%3Ali%3Aactivity%3A7206358027275223040
2024-06-11 18:13:09,https://www.linkedin.com/feed/update/urn%3Ali%3Aactivity%3A7206357810329088000
2024-06-10 13:13:51,https://www.linkedin.com/feed/update/urn%3Ali%3Aactivity%3A7205920099793260544
2024-06-10 13:10:16,https://www.linkedin.com/feed/update/urn%3Ali%3Aactivity%3A7205919198911311873
2024-06-09 14:47:23,https://www.linkedin.com/feed/update/urn%3Ali%3Aactivity%3A7205581252014292992
2024-06-08 20:21:29,https://www.linkedin.com/feed/update/urn%3Ali%3Aactivity%3A7205302943120539648
2024-06-07 22:04:09,https://www.linkedin.com/feed/update/urn%3Ali%3Aactivity%3A7204966393023270914
2024-06-07 22:03:14,https://www.linkedin.com/feed/update/urn%3Ali%3Aactivity%3A7204966162609172480
2024-06-07 22:03:06,https://www.linkedin.com/feed/update/urn%3Ali%3Aactivity%3A7204966127192461315
2024-06-07 22:02:53,https://www.linkedin.com/feed/update/urn%3Ali%3Aactivity%3A7204966071173283840
2024-06-07 22:02:32,https://www.linkedin.com/feed/update/urn%3Ali%3Aactivity%3A7204965985231986688
2024-06-07 18:03:18,https://www.linkedin.com/feed/update/urn%3Ali%3Aactivity%3A7204905781354217472
2024-06-07 18:02:58,https://www.linkedin.com/feed/update/urn%3Ali%3Aactivity%3A7204905695853359104
2024-06-07 18:02:44,https://www.linkedin.com/feed/update/urn%3Ali%3Aactivity%3A7204905637170790400
2024-06-07 18:01:48,https://www.linkedin.com/feed/update/urn%3Ali%3Aactivity%3A7204905400385617920
2024-06-07 18:01:39,https://www.linkedin.com/feed/update/urn%3Ali%3Aactivity%3A7204905363198935042
2024-06-07 14:58:17,https://www.linkedin.com/feed/update/urn%3Ali%3Aactivity%3A7204859219320127488
2024-06-06 17:28:09,https://www.linkedin.com/feed/update/urn%3Ali%3Aactivity%3A7204534545788911616
2024-06-06 15:50:24,https://www.linkedin.com/feed/update/urn%3Ali%3Aactivity%3A7204509945713541122
2024-06-06 09:29:13,https://www.linkedin.com/feed/update/urn%3Ali%3Aactivity%3A7204414017161854976
2024-06-03 17:48:16,https://www.linkedin.com/feed/update/urn%3Ali%3Aactivity%3A7203452442913427458
2024-06-02 22:04:15,https://www.linkedin.com/feed/update/urn%3Ali%3Aactivity%3A7203154478680735744
2024-06-01 22:55:17,https://www.linkedin.com/feed/update/urn%3Ali%3Aactivity%3A7202804931173515264
2024-05-31 22:01:22,https://www.linkedin.com/feed/update/urn%3Ali%3Aactivity%3A7202428975321690112
2024-05-30 22:30:31,https://www.linkedin.com/feed/update/urn%3Ali%3Aactivity%3A7202073925575421952
2024-05-30 22:13:32,https://www.linkedin.com/feed/update/urn%3Ali%3Aactivity%3A7202069649226637312
2024-05-30 14:39:48,https://www.linkedin.com/feed/update/urn%3Ali%3Aactivity%3A7201955465952440322
2024-05-30 03:06:52,https://www.linkedin.com/feed/update/urn%3Ali%3Aactivity%3A7201781082185158656
2024-05-30 02:38:32,https://www.linkedin.com/feed/update/urn%3Ali%3Aactivity%3A7201773950601699328
2024-05-30 02:38:08,https://www.linkedin.com/feed/update/urn%3Ali%3Aactivity%3A7201773851360276480
2024-05-26 19:51:16,https://www.linkedin.com/feed/update/urn%3Ali%3Aactivity%3A7200584296284180480
2024-05-26 02:33:51,https://www.linkedin.com/feed/update/urn%3Ali%3Aactivity%3A7200323220678356993
2024-05-26 02:32:43,https://www.linkedin.com/feed/update/urn%3Ali%3Aactivity%3A7200322935662747649
2024-05-26 02:30:04,https://www.linkedin.com/feed/update/urn%3Ali%3Aactivity%3A7200322267614986240
2024-05-26 02:29:14,https://www.linkedin.com/feed/update/urn%3Ali%3Aactivity%3A7200322057597788162
2024-05-26 02:27:47,https://www.linkedin.com/feed/update/urn%3Ali%3Aactivity%3A7200321693741895680
2024-05-22 18:16:49,https://www.linkedin.com/feed/update/urn%3Ali%3Aactivity%3A7199110976149876736
2024-05-21 23:21:37,https://www.linkedin.com/feed/update/urn%3Ali%3Aactivity%3A7198825292830785537
2024-05-19 03:56:21,https://www.linkedin.com/feed/update/urn%3Ali%3Aactivity%3A7197807268166336512
2024-05-18 21:01:24,https://www.linkedin.com/feed/update/urn%3Ali%3Aactivity%3A7197702843917582336
2024-05-18 20:49:45,https://www.linkedin.com/feed/update/urn%3Ali%3Aactivity%3A7197699910798819329
2024-05-18 02:28:51,https://www.linkedin.com/feed/update/urn%3Ali%3Aactivity%3A7197422859407740928
2024-05-17 00:07:27,https://www.linkedin.com/feed/update/urn%3Ali%3Aactivity%3A7197024888857968640
2024-05-16 17:04:56,https://www.linkedin.com/feed/update/urn%3Ali%3Aactivity%3A7196918557631283201
2024-05-15 22:04:46,https://www.linkedin.com/feed/update/urn%3Ali%3Aactivity%3A7196631627781816320
2024-05-15 15:51:27,https://www.linkedin.com/feed/update/urn%3Ali%3Aactivity%3A7196537676865388545
2024-05-15 03:15:45,https://www.linkedin.com/feed/update/urn%3Ali%3Aactivity%3A7196347498846666753
2024-05-14 23:47:17,https://www.linkedin.com/feed/update/urn%3Ali%3Aactivity%3A7196295036181848065
2024-05-13 22:23:13,https://www.linkedin.com/feed/update/urn%3Ali%3Aactivity%3A7195911494125928448
2024-05-13 22:05:24,https://www.linkedin.com/feed/update/urn%3Ali%3Aactivity%3A7195907007416025088
2024-05-13 00:55:20,https://www.linkedin.com/feed/update/urn%3Ali%3Aactivity%3A7195587387832291328
2024-05-13 00:55:09,https://www.linkedin.com/feed/update/urn%3Ali%3Aactivity%3A7195587338746347520
2024-05-12 21:19:51,https://www.linkedin.com/feed/update/urn%3Ali%3Aactivity%3A7195533158874783744
2024-05-11 18:58:47,https://www.linkedin.com/feed/update/urn%3Ali%3Aactivity%3A7195135269996580864
2024-05-10 21:36:57,https://www.linkedin.com/feed/update/urn%3Ali%3Aactivity%3A7194812687501901824
2024-05-10 14:12:24,https://www.linkedin.com/feed/update/urn%3Ali%3Aactivity%3A7194700809765298177
2024-05-09 09:02:13,https://www.linkedin.com/feed/update/urn%3Ali%3Aactivity%3A7194260363574476803
2024-05-09 08:35:42,https://www.linkedin.com/feed/update/urn%3Ali%3Aactivity%3A7194253690831032320
2024-05-08 12:05:30,https://www.linkedin.com/feed/update/urn%3Ali%3Aactivity%3A7193944100159598593
2024-05-07 21:32:20,https://www.linkedin.com/feed/update/urn%3Ali%3Aactivity%3A7193724360027688960
2024-05-07 11:30:59,https://www.linkedin.com/feed/update/urn%3Ali%3Aactivity%3A7193573026498498560
2024-05-06 21:27:14,https://www.linkedin.com/feed/update/urn%3Ali%3Aactivity%3A7193360690059853824
2024-05-06 15:38:34,https://www.linkedin.com/feed/update/urn%3Ali%3Aactivity%3A7193272943450181632
2024-05-06 12:46:24,https://www.linkedin.com/feed/update/urn%3Ali%3Aactivity%3A7193229617854332928
2024-05-06 11:30:00,https://www.linkedin.com/feed/update/urn%3Ali%3Aactivity%3A7193210392708292610
2024-05-05 18:22:02,https://www.linkedin.com/feed/update/urn%3Ali%3Aactivity%3A7192951694165450752
2024-05-05 18:06:23,https://www.linkedin.com/feed/update/urn%3Ali%3Aactivity%3A7192947754833248256
2024-05-05 13:05:18,https://www.linkedin.com/feed/update/urn%3Ali%3Aactivity%3A7192871986417553409
2024-05-04 21:01:28,https://www.linkedin.com/feed/update/urn%3Ali%3Aactivity%3A7192629430173745152
2024-05-03 13:58:53,https://www.linkedin.com/feed/update/urn%3Ali%3Aactivity%3A7192160694706864128
2024-05-03 13:37:36,https://www.linkedin.com/feed/update/urn%3Ali%3Aactivity%3A7192155340187086848
2024-05-02 00:21:43,https://www.linkedin.com/feed/update/urn%3Ali%3Aactivity%3A7191592662053916672
2024-05-02 00:09:59,https://www.linkedin.com/feed/update/urn%3Ali%3Aactivity%3A7191589709163208704
2024-04-29 21:06:35,https://www.linkedin.com/feed/update/urn%3Ali%3Aactivity%3A7190818778874548225
2024-04-29 15:56:42,https://www.linkedin.com/feed/update/urn%3Ali%3Aactivity%3A7190740793786085379
2024-04-29 01:53:54,https://www.linkedin.com/feed/update/urn%3Ali%3Aactivity%3A7190528694145155072
2024-04-27 21:41:49,https://www.linkedin.com/feed/update/urn%3Ali%3Aactivity%3A7190102867339304962
2024-04-27 12:56:39,https://www.linkedin.com/feed/update/urn%3Ali%3Aactivity%3A7189970704241471488
2024-04-27 00:37:03,https://www.linkedin.com/feed/update/urn%3Ali%3Aactivity%3A7189784578058858496
2024-04-25 22:07:18,https://www.linkedin.com/feed/update/urn%3Ali%3Aactivity%3A7189384505495879680
2024-04-25 21:43:27,https://www.linkedin.com/feed/update/urn%3Ali%3Aactivity%3A7189378501823668224
2024-04-25 17:37:59,https://www.linkedin.com/feed/update/urn%3Ali%3Aactivity%3A7189316728349184000
2024-04-25 17:37:32,https://www.linkedin.com/feed/update/urn%3Ali%3Aactivity%3A7189316616751362048
2024-04-25 17:37:05,https://www.linkedin.com/feed/update/urn%3Ali%3Aactivity%3A7189316503991668737
2024-04-25 00:31:45,https://www.linkedin.com/feed/update/urn%3Ali%3Aactivity%3A7189058469260361728
2024-04-25 00:29:38,https://www.linkedin.com/feed/update/urn%3Ali%3Aactivity%3A7189057939255496705
2024-04-24 23:52:15,https://www.linkedin.com/feed/update/urn%3Ali%3Aactivity%3A7189048529128980480
2024-04-22 23:32:46,https://www.linkedin.com/feed/update/urn%3Ali%3Aactivity%3A7188318849165926400
2024-04-22 22:29:50,https://www.linkedin.com/feed/update/urn%3Ali%3Aactivity%3A7188303011075579904
2024-04-22 16:12:44,https://www.linkedin.com/feed/update/urn%3Ali%3Aactivity%3A7188208113399791616
2024-04-22 02:54:08,https://www.linkedin.com/feed/update/urn%3Ali%3Aactivity%3A7188007139783647232
2024-04-21 21:17:21,https://www.linkedin.com/feed/update/urn%3Ali%3Aactivity%3A7187922382467080192
2024-04-21 19:27:09,https://www.linkedin.com/feed/update/urn%3Ali%3Aactivity%3A7187894653042466817
2024-04-20 18:56:31,https://www.linkedin.com/feed/update/urn%3Ali%3Aactivity%3A7187524552313196546
2024-04-20 12:32:37,https://www.linkedin.com/feed/update/urn%3Ali%3Aactivity%3A7187427944624005121
2024-04-20 12:30:38,https://www.linkedin.com/feed/update/urn%3Ali%3Aactivity%3A7187427442951639040
2024-04-19 22:24:13,https://www.linkedin.com/feed/update/urn%3Ali%3Aactivity%3A7187214437777383426
2024-04-19 22:11:23,https://www.linkedin.com/feed/update/urn%3Ali%3Aactivity%3A7187211206397472769
2024-04-19 08:57:50,https://www.linkedin.com/feed/update/urn%3Ali%3Aactivity%3A7187011504850808833
2024-04-18 14:09:10,https://www.linkedin.com/feed/update/urn%3Ali%3Aactivity%3A7186727463459172352
2024-04-15 13:49:30,https://www.linkedin.com/feed/update/urn%3Ali%3Aactivity%3A7185635351267278848
2024-04-14 00:44:36,https://www.linkedin.com/feed/update/urn%3Ali%3Aactivity%3A7185075437708935168
2024-04-13 19:23:00,https://www.linkedin.com/feed/update/urn%3Ali%3Aactivity%3A7184994503831748608
2024-04-13 03:34:45,https://www.linkedin.com/feed/update/urn%3Ali%3Aactivity%3A7184755868796649472
2024-04-13 03:34:31,https://www.linkedin.com/feed/update/urn%3Ali%3Aactivity%3A7184755809354973185
2024-04-13 03:34:16,https://www.linkedin.com/feed/update/urn%3Ali%3Aactivity%3A7184755748311027712
2024-04-13 03:33:59,https://www.linkedin.com/feed/update/urn%3Ali%3Aactivity%3A7184755674700992512
2024-04-13 03:33:45,https://www.linkedin.com/feed/update/urn%3Ali%3Aactivity%3A7184755615502618624
2024-04-13 03:33:16,https://www.linkedin.com/feed/update/urn%3Ali%3Aactivity%3A7184755497806221312
2024-04-11 23:27:13,https://www.linkedin.com/feed/update/urn%3Ali%3Aactivity%3A7184331188436660225
2024-04-10 22:47:39,https://www.linkedin.com/feed/update/urn%3Ali%3Aactivity%3A7183958841141657602
2024-04-10 17:33:48,https://www.linkedin.com/feed/update/urn%3Ali%3Aactivity%3A7183879858530189314
2024-04-10 11:30:44,https://www.linkedin.com/feed/update/urn%3Ali%3Aactivity%3A7183788491955142657
2024-04-10 00:37:00,https://www.linkedin.com/feed/update/urn%3Ali%3Aactivity%3A7183623973430013955
2024-04-09 23:11:03,https://www.linkedin.com/feed/update/urn%3Ali%3Aactivity%3A7183602344830369792
2024-04-09 16:04:11,https://www.linkedin.com/feed/update/urn%3Ali%3Aactivity%3A7183494917178982400
2024-04-09 15:51:26,https://www.linkedin.com/feed/update/urn%3Ali%3Aactivity%3A7183491712198021121
2024-04-07 15:35:48,https://www.linkedin.com/feed/update/urn%3Ali%3Aactivity%3A7182763001135931392
2024-04-07 01:44:15,https://www.linkedin.com/feed/update/urn%3Ali%3Aactivity%3A7182553733820502016
2024-04-06 22:46:43,https://www.linkedin.com/feed/update/urn%3Ali%3Aactivity%3A7182509057155440640
2024-04-06 02:17:22,https://www.linkedin.com/feed/update/urn%3Ali%3Aactivity%3A7182199679130968064
2024-04-06 02:16:07,https://www.linkedin.com/feed/update/urn%3Ali%3Aactivity%3A7182199363916464128
2024-04-05 18:14:30,https://www.linkedin.com/feed/update/urn%3Ali%3Aactivity%3A7182078160597848064
2024-04-05 18:13:57,https://www.linkedin.com/feed/update/urn%3Ali%3Aactivity%3A7182078023179870208
2024-04-05 16:38:41,https://www.linkedin.com/feed/update/urn%3Ali%3Aactivity%3A7182054049536450560
2024-04-05 16:37:54,https://www.linkedin.com/feed/update/urn%3Ali%3Aactivity%3A7182053851863121920
2024-04-05 16:00:36,https://www.linkedin.com/feed/update/urn%3Ali%3Aactivity%3A7182044467531513856
2024-04-05 14:18:26,https://www.linkedin.com/feed/update/urn%3Ali%3Aactivity%3A7182018755319730177
2024-04-05 13:55:10,https://www.linkedin.com/feed/update/urn%3Ali%3Aactivity%3A7182012899136000001
2024-04-04 22:06:42,https://www.linkedin.com/feed/update/urn%3Ali%3Aactivity%3A7181774208874500097
2024-04-04 22:06:20,https://www.linkedin.com/feed/update/urn%3Ali%3Aactivity%3A7181774115534467072
2024-04-04 20:10:46,https://www.linkedin.com/feed/update/urn%3Ali%3Aactivity%3A7181745032511524864
2024-04-04 04:45:25,https://www.linkedin.com/feed/update/urn%3Ali%3Aactivity%3A7181512161112784897
2024-04-04 01:33:08,https://www.linkedin.com/feed/update/urn%3Ali%3Aactivity%3A7181463774665543680
2024-04-04 01:32:10,https://www.linkedin.com/feed/update/urn%3Ali%3Aactivity%3A7181463527906246657
2024-04-04 01:29:55,https://www.linkedin.com/feed/update/urn%3Ali%3Aactivity%3A7181462961423568896
2024-04-04 01:08:24,https://www.linkedin.com/feed/update/urn%3Ali%3Aactivity%3A7181457549362098176
2024-04-04 00:59:35,https://www.linkedin.com/feed/update/urn%3Ali%3Aactivity%3A7181455327324778496
2024-04-03 22:22:56,https://www.linkedin.com/feed/update/urn%3Ali%3Aactivity%3A7181415909117370368
2024-04-03 22:22:33,https://www.linkedin.com/feed/update/urn%3Ali%3Aactivity%3A7181415810983211008
2024-04-03 16:19:16,https://www.linkedin.com/feed/update/urn%3Ali%3Aactivity%3A7181324389404028929
2024-04-03 16:18:50,https://www.linkedin.com/feed/update/urn%3Ali%3Aactivity%3A7181324276615020544
2024-04-03 16:18:08,https://www.linkedin.com/feed/update/urn%3Ali%3Aactivity%3A7181324100617805826
2024-04-02 20:34:33,https://www.linkedin.com/feed/update/urn%3Ali%3Aactivity%3A7181026244640026624
2024-04-02 20:00:55,https://www.linkedin.com/feed/update/urn%3Ali%3Aactivity%3A7181017779024592897
2024-04-02 11:51:33,https://www.linkedin.com/feed/update/urn%3Ali%3Aactivity%3A7180894624570343424
2024-04-02 01:40:55,https://www.linkedin.com/feed/update/urn%3Ali%3Aactivity%3A7180740957472985089
2024-04-02 01:40:26,https://www.linkedin.com/feed/update/urn%3Ali%3Aactivity%3A7180740832063299584
2024-04-01 21:42:32,https://www.linkedin.com/feed/update/urn%3Ali%3Aactivity%3A7180680966296760322
2024-04-01 18:20:43,https://www.linkedin.com/feed/update/urn%3Ali%3Aactivity%3A7180630175754137600
2024-04-01 06:05:54,https://www.linkedin.com/feed/update/urn%3Ali%3Aactivity%3A7180445252028092416
2024-04-01 05:53:52,https://www.linkedin.com/feed/update/urn%3Ali%3Aactivity%3A7180442224545935360
2024-03-31 15:16:12,https://www.linkedin.com/feed/update/urn%3Ali%3Aactivity%3A7180221350790221825
2024-03-30 15:40:49,https://www.linkedin.com/feed/update/urn%3Ali%3Aactivity%3A7179865161678127105
2024-03-30 14:05:37,https://www.linkedin.com/feed/update/urn%3Ali%3Aactivity%3A7179841203566215169
2024-03-30 03:34:34,https://www.linkedin.com/feed/update/urn%3Ali%3Aactivity%3A7179682392457015296
2024-03-30 03:32:06,https://www.linkedin.com/feed/update/urn%3Ali%3Aactivity%3A7179681771846803456
2024-03-29 22:55:49,https://www.linkedin.com/feed/update/urn%3Ali%3Aactivity%3A7179612243083329536
2024-03-29 18:27:35,https://www.linkedin.com/feed/update/urn%3Ali%3Aactivity%3A7179544738750984192
2024-03-29 18:13:33,https://www.linkedin.com/feed/update/urn%3Ali%3Aactivity%3A7179541209135108096
2024-03-29 18:13:20,https://www.linkedin.com/feed/update/urn%3Ali%3Aactivity%3A7179541152381964294
2024-03-29 14:52:37,https://www.linkedin.com/feed/update/urn%3Ali%3Aactivity%3A7179490643902136320
2024-03-29 02:39:50,https://www.linkedin.com/feed/update/urn%3Ali%3Aactivity%3A7179306229846966273
2024-03-28 20:54:08,https://www.linkedin.com/feed/update/urn%3Ali%3Aactivity%3A7179219231589191682
2024-03-28 05:07:30,https://www.linkedin.com/feed/update/urn%3Ali%3Aactivity%3A7178981002944348160
2024-03-28 03:06:36,https://www.linkedin.com/feed/update/urn%3Ali%3Aactivity%3A7178950578536906753
2024-03-27 20:05:16,https://www.linkedin.com/feed/update/urn%3Ali%3Aactivity%3A7178844548725362688
2024-03-27 17:45:10,https://www.linkedin.com/feed/update/urn%3Ali%3Aactivity%3A7178809287719211008
2024-03-27 00:10:17,https://www.linkedin.com/feed/update/urn%3Ali%3Aactivity%3A7178543820655984640
2024-03-27 00:10:00,https://www.linkedin.com/feed/update/urn%3Ali%3Aactivity%3A7178543749197660160
2024-03-27 00:09:17,https://www.linkedin.com/feed/update/urn%3Ali%3Aactivity%3A7178543569702387712
2024-03-27 00:09:05,https://www.linkedin.com/feed/update/urn%3Ali%3Aactivity%3A7178543517797908482
2024-03-27 00:08:51,https://www.linkedin.com/feed/update/urn%3Ali%3Aactivity%3A7178543459752910848
2024-03-27 00:07:15,https://www.linkedin.com/feed/update/urn%3Ali%3Aactivity%3A7178543055254233088
2024-03-26 23:55:34,https://www.linkedin.com/feed/update/urn%3Ali%3Aactivity%3A7178540114740936705
2024-03-26 23:55:15,https://www.linkedin.com/feed/update/urn%3Ali%3Aactivity%3A7178540037733527553
2024-03-26 23:55:07,https://www.linkedin.com/feed/update/urn%3Ali%3Aactivity%3A7178540001599586304
2024-03-26 13:34:03,https://www.linkedin.com/feed/update/urn%3Ali%3Aactivity%3A7178383704581373952
2024-03-26 00:11:13,https://www.linkedin.com/feed/update/urn%3Ali%3Aactivity%3A7178181667612688385
2024-03-26 00:05:18,https://www.linkedin.com/feed/update/urn%3Ali%3Aactivity%3A7178180177997221889
2024-03-26 00:04:02,https://www.linkedin.com/feed/update/urn%3Ali%3Aactivity%3A7178179859892858881
2024-03-26 00:03:54,https://www.linkedin.com/feed/update/urn%3Ali%3Aactivity%3A7178179826061561857
2024-03-26 00:03:47,https://www.linkedin.com/feed/update/urn%3Ali%3Aactivity%3A7178179794247790592
2024-03-25 15:38:04,https://www.linkedin.com/feed/update/urn%3Ali%3Aactivity%3A7178052529249767424
2024-03-23 19:50:33,https://www.linkedin.com/feed/update/urn%3Ali%3Aactivity%3A7177391292190982144
2024-03-23 16:37:35,https://www.linkedin.com/feed/update/urn%3Ali%3Aactivity%3A7177342732170858496
2024-03-23 16:37:26,https://www.linkedin.com/feed/update/urn%3Ali%3Aactivity%3A7177342692706648064
2024-03-23 14:21:49,https://www.linkedin.com/feed/update/urn%3Ali%3Aactivity%3A7177308561729814528
2024-03-22 01:56:17,https://www.linkedin.com/feed/update/urn%3Ali%3Aactivity%3A7176758555075575808
2024-03-21 22:46:48,https://www.linkedin.com/feed/update/urn%3Ali%3Aactivity%3A7176710870268301313
2024-03-21 22:46:02,https://www.linkedin.com/feed/update/urn%3Ali%3Aactivity%3A7176710677040902145
2024-03-21 22:45:45,https://www.linkedin.com/feed/update/urn%3Ali%3Aactivity%3A7176710606748553218
2024-03-21 17:59:18,https://www.linkedin.com/feed/update/urn%3Ali%3Aactivity%3A7176638517396021248
2024-03-21 17:58:58,https://www.linkedin.com/feed/update/urn%3Ali%3Aactivity%3A7176638437263822848
2024-03-21 17:58:05,https://www.linkedin.com/feed/update/urn%3Ali%3Aactivity%3A7176638213996826624
2024-03-21 17:57:51,https://www.linkedin.com/feed/update/urn%3Ali%3Aactivity%3A7176638155150753792
2024-03-21 17:57:18,https://www.linkedin.com/feed/update/urn%3Ali%3Aactivity%3A7176638015207809024
2024-03-20 15:39:58,https://www.linkedin.com/feed/update/urn%3Ali%3Aactivity%3A7176241066004639744
2024-03-20 13:36:44,https://www.linkedin.com/feed/update/urn%3Ali%3Aactivity%3A7176210052456837121
2024-03-20 13:36:35,https://www.linkedin.com/feed/update/urn%3Ali%3Aactivity%3A7176210018160013313
2024-03-20 13:36:28,https://www.linkedin.com/feed/update/urn%3Ali%3Aactivity%3A7176209989168984065
2024-03-20 12:52:35,https://www.linkedin.com/feed/update/urn%3Ali%3Aactivity%3A7176198942030753792
2024-03-19 23:03:19,https://www.linkedin.com/feed/update/urn%3Ali%3Aactivity%3A7175990253306949632
2024-03-19 11:27:16,https://www.linkedin.com/feed/update/urn%3Ali%3Aactivity%3A7175815084793831424
2024-03-18 10:51:57,https://www.linkedin.com/feed/update/urn%3Ali%3Aactivity%3A7175443807646154753
2024-03-12 01:54:58,https://www.linkedin.com/feed/update/urn%3Ali%3Aactivity%3A7173134346650914816
2024-03-11 22:58:08,https://www.linkedin.com/feed/update/urn%3Ali%3Aactivity%3A7173089845437800449
2024-03-09 01:19:38,https://www.linkedin.com/feed/update/urn%3Ali%3Aactivity%3A7172038289820995584
2024-03-08 14:02:23,https://www.linkedin.com/feed/update/urn%3Ali%3Aactivity%3A7171867853518786561
2024-03-05 03:13:44,https://www.linkedin.com/feed/update/urn%3Ali%3Aactivity%3A7170617451343237120
2024-03-05 03:10:09,https://www.linkedin.com/feed/update/urn%3Ali%3Aactivity%3A7170616553435033601
2024-03-05 03:06:02,https://www.linkedin.com/feed/update/urn%3Ali%3Aactivity%3A7170615513738391552
2024-03-05 03:04:56,https://www.linkedin.com/feed/update/urn%3Ali%3Aactivity%3A7170615240135553024
2024-03-05 02:55:14,https://www.linkedin.com/feed/update/urn%3Ali%3Aactivity%3A7170612795812605954
2024-03-05 02:47:18,https://www.linkedin.com/feed/update/urn%3Ali%3Aactivity%3A7170610800745771008
2024-03-05 02:46:44,https://www.linkedin.com/feed/update/urn%3Ali%3Aactivity%3A7170610660458876929
2024-03-05 00:30:40,https://www.linkedin.com/feed/update/urn%3Ali%3Aactivity%3A7170576417036976129
2024-03-05 00:29:22,https://www.linkedin.com/feed/update/urn%3Ali%3Aactivity%3A7170576087972831232
2024-03-04 14:09:35,https://www.linkedin.com/feed/update/urn%3Ali%3Aactivity%3A7170420117225336833
2024-03-02 12:53:44,https://www.linkedin.com/feed/update/urn%3Ali%3Aactivity%3A7169676249563389952
2024-03-02 12:51:23,https://www.linkedin.com/feed/update/urn%3Ali%3Aactivity%3A7169675660200767488
2024-03-02 02:02:24,https://www.linkedin.com/feed/update/urn%3Ali%3Aactivity%3A7169512340101533696
2024-03-01 17:07:05,https://www.linkedin.com/feed/update/urn%3Ali%3Aactivity%3A7169377621233909760
2024-03-01 16:11:43,https://www.linkedin.com/feed/update/urn%3Ali%3Aactivity%3A7169363688997535745
2024-02-27 23:34:50,https://www.linkedin.com/feed/update/urn%3Ali%3Aactivity%3A7168388040292335616
2024-02-26 21:52:50,https://www.linkedin.com/feed/update/urn%3Ali%3Aactivity%3A7167999982753538048
2024-02-26 13:19:17,https://www.linkedin.com/feed/update/urn%3Ali%3Aactivity%3A7167870741894414336
2024-02-25 15:21:05,https://www.linkedin.com/feed/update/urn%3Ali%3Aactivity%3A7167539006199574528
2024-02-23 13:19:08,https://www.linkedin.com/feed/update/urn%3Ali%3Aactivity%3A7166783541752627200
2024-02-20 13:32:20,https://www.linkedin.com/feed/update/urn%3Ali%3Aactivity%3A7165699697347686400
2024-02-20 13:32:06,https://www.linkedin.com/feed/update/urn%3Ali%3Aactivity%3A7165699638442881024
2024-02-19 22:49:13,https://www.linkedin.com/feed/update/urn%3Ali%3Aactivity%3A7165477453522542592
2024-02-19 18:27:31,https://www.linkedin.com/feed/update/urn%3Ali%3Aactivity%3A7165411597971091456
2024-02-19 14:44:41,https://www.linkedin.com/feed/update/urn%3Ali%3Aactivity%3A7165355516917968897
2024-02-16 02:02:57,https://www.linkedin.com/feed/update/urn%3Ali%3Aactivity%3A7164076659699097600
2024-02-16 02:02:40,https://www.linkedin.com/feed/update/urn%3Ali%3Aactivity%3A7164076586701418496
2024-02-16 02:01:30,https://www.linkedin.com/feed/update/urn%3Ali%3Aactivity%3A7164076292949143552
2024-02-16 00:18:35,https://www.linkedin.com/feed/update/urn%3Ali%3Aactivity%3A7164050392991916033
2024-02-16 00:17:57,https://www.linkedin.com/feed/update/urn%3Ali%3Aactivity%3A7164050234866659328
2024-02-13 20:46:34,https://www.linkedin.com/feed/update/urn%3Ali%3Aactivity%3A7163272262119317504
2024-02-13 01:59:52,https://www.linkedin.com/feed/update/urn%3Ali%3Aactivity%3A7162988719946342400
2024-02-12 20:39:55,https://www.linkedin.com/feed/update/urn%3Ali%3Aactivity%3A7162908202597101568
2024-02-02 21:21:15,https://www.linkedin.com/feed/update/urn%3Ali%3Aactivity%3A7159294726267916288
2024-02-02 19:07:19,https://www.linkedin.com/feed/update/urn%3Ali%3Aactivity%3A7159261018634772480
2024-02-01 23:45:23,https://www.linkedin.com/feed/update/urn%3Ali%3Aactivity%3A7158968607413010432
2024-01-31 17:14:33,https://www.linkedin.com/feed/update/urn%3Ali%3Aactivity%3A7158507863630376960
2024-01-30 23:57:57,https://www.linkedin.com/feed/update/urn%3Ali%3Aactivity%3A7158246993381789696
2024-01-29 23:10:05,https://www.linkedin.com/feed/update/urn%3Ali%3Aactivity%3A7157872559462498305
2024-01-29 23:09:48,https://www.linkedin.com/feed/update/urn%3Ali%3Aactivity%3A7157872491367907328
2024-01-28 20:40:56,https://www.linkedin.com/feed/update/urn%3Ali%3Aactivity%3A7157472638364237824
2024-01-25 00:27:45,https://www.linkedin.com/feed/update/urn%3Ali%3Aactivity%3A7156080168120303616
2024-01-18 17:36:11,https://www.linkedin.com/feed/update/urn%3Ali%3Aactivity%3A7153802266821427200
2024-01-12 12:45:27,https://www.linkedin.com/feed/update/urn%3Ali%3Aactivity%3A7151554773056438272
2024-01-10 04:21:13,https://www.linkedin.com/feed/update/urn%3Ali%3Aactivity%3A7150703102126383104
2024-01-10 04:19:46,https://www.linkedin.com/feed/update/urn%3Ali%3Aactivity%3A7150702739147120641
2024-01-10 04:09:13,https://www.linkedin.com/feed/update/urn%3Ali%3Aactivity%3A7150700084735705088
2024-01-01 22:02:05,https://www.linkedin.com/feed/update/urn%3Ali%3Aactivity%3A7147708587929190400
2023-12-30 00:09:25,https://www.linkedin.com/feed/update/urn%3Ali%3Aactivity%3A7146653467892150272
2023-12-16 03:02:34,https://www.linkedin.com/feed/update/urn%3Ali%3Aactivity%3A7141623614528786432
2023-11-27 19:05:55,https://www.linkedin.com/feed/update/urn%3Ali%3Aactivity%3A7134980679796195328
2023-11-20 19:59:45,https://www.linkedin.com/feed/update/urn%3Ali%3Aactivity%3A7132457511026139136
2023-11-18 05:28:25,https://www.linkedin.com/feed/update/urn%3Ali%3Aactivity%3A7131513457740304384
2023-11-16 04:37:11,https://www.linkedin.com/feed/update/urn%3Ali%3Aactivity%3A7130775790589284352
2023-11-15 16:21:04,https://www.linkedin.com/feed/update/urn%3Ali%3Aactivity%3A7130590538214342656
2023-11-13 16:49:29,https://www.linkedin.com/feed/update/urn%3Ali%3Aactivity%3A7129872912789995520
2023-11-08 13:49:12,https://www.linkedin.com/feed/update/urn%3Ali%3Aactivity%3A7128015607005921280
2023-11-08 13:44:35,https://www.linkedin.com/feed/update/urn%3Ali%3Aactivity%3A7128014444516802560
2023-11-07 15:48:02,https://www.linkedin.com/feed/update/urn%3Ali%3Aactivity%3A7127683121549869057
2023-11-06 09:49:40,https://www.linkedin.com/feed/update/urn%3Ali%3Aactivity%3A7127230551480041472
2023-11-06 09:49:13,https://www.linkedin.com/feed/update/urn%3Ali%3Aactivity%3A7127230436874862592
2023-11-06 09:44:57,https://www.linkedin.com/feed/update/urn%3Ali%3Aactivity%3A7127229361409200128
2023-11-03 22:56:06,https://www.linkedin.com/feed/update/urn%3Ali%3Aactivity%3A7126341297191235584
2023-11-02 13:36:33,https://www.linkedin.com/feed/update/urn%3Ali%3Aactivity%3A7125838097065414656
2023-10-31 11:33:59,https://www.linkedin.com/feed/update/urn%3Ali%3Aactivity%3A7125082473675292673
2023-10-29 23:16:11,https://www.linkedin.com/feed/update/urn%3Ali%3Aactivity%3A7124534414692270080
2023-10-27 05:36:14,https://www.linkedin.com/feed/update/urn%3Ali%3Aactivity%3A7123542891704053761
2023-10-26 22:23:08,https://www.linkedin.com/feed/update/urn%3Ali%3Aactivity%3A7123433897136144384
2023-10-26 22:15:59,https://www.linkedin.com/feed/update/urn%3Ali%3Aactivity%3A7123432098874413056
2023-10-26 20:52:07,https://www.linkedin.com/feed/update/urn%3Ali%3Aactivity%3A7123410993971425280
2023-10-26 20:51:33,https://www.linkedin.com/feed/update/urn%3Ali%3Aactivity%3A7123410851507699712
2023-10-26 19:56:05,https://www.linkedin.com/feed/update/urn%3Ali%3Aactivity%3A7123396892268400640
2023-10-26 19:55:57,https://www.linkedin.com/feed/update/urn%3Ali%3Aactivity%3A7123396857724096512
2023-10-23 02:10:47,https://www.linkedin.com/feed/update/urn%3Ali%3Aactivity%3A7122041636125122560
2023-10-22 14:07:12,https://www.linkedin.com/feed/update/urn%3Ali%3Aactivity%3A7121859542765772800
2023-10-22 14:02:15,https://www.linkedin.com/feed/update/urn%3Ali%3Aactivity%3A7121858296671604736
2023-10-22 13:49:31,https://www.linkedin.com/feed/update/urn%3Ali%3Aactivity%3A7121855091459969024
2023-10-20 21:46:32,https://www.linkedin.com/feed/update/urn%3Ali%3Aactivity%3A7121250359464919040
2023-10-20 04:15:31,https://www.linkedin.com/feed/update/urn%3Ali%3Aactivity%3A7120985863236304897
2023-10-18 14:37:52,https://www.linkedin.com/feed/update/urn%3Ali%3Aactivity%3A7120417708168417282
2023-10-17 22:41:50,https://www.linkedin.com/feed/update/urn%3Ali%3Aactivity%3A7120177113978048512
2023-10-17 16:50:09,https://www.linkedin.com/feed/update/urn%3Ali%3Aactivity%3A7120088611915538432
2023-10-17 14:35:43,https://www.linkedin.com/feed/update/urn%3Ali%3Aactivity%3A7120054780068036609
2023-10-17 14:34:40,https://www.linkedin.com/feed/update/urn%3Ali%3Aactivity%3A7120054512798629892
2023-10-16 21:46:43,https://www.linkedin.com/feed/update/urn%3Ali%3Aactivity%3A7119800856182489088
2023-10-16 04:14:06,https://www.linkedin.com/feed/update/urn%3Ali%3Aactivity%3A7119535956356956160
2023-10-13 22:07:17,https://www.linkedin.com/feed/update/urn%3Ali%3Aactivity%3A7118718868956581888
2023-10-10 18:06:51,https://www.linkedin.com/feed/update/urn%3Ali%3Aactivity%3A7117571195885027329
2023-10-09 09:47:17,https://www.linkedin.com/feed/update/urn%3Ali%3Aactivity%3A7117083090409185282
2023-10-08 19:12:48,https://www.linkedin.com/feed/update/urn%3Ali%3Aactivity%3A7116863019149656064
2023-10-05 14:54:24,https://www.linkedin.com/feed/update/urn%3Ali%3Aactivity%3A7115710827151724544
2023-10-05 10:58:17,https://www.linkedin.com/feed/update/urn%3Ali%3Aactivity%3A7115651405733888000
2023-10-04 12:57:23,https://www.linkedin.com/feed/update/urn%3Ali%3Aactivity%3A7115318990935097344
2023-10-03 01:18:46,https://www.linkedin.com/feed/update/urn%3Ali%3Aactivity%3A7114780791397617664
2023-10-03 00:59:48,https://www.linkedin.com/feed/update/urn%3Ali%3Aactivity%3A7114776016144793600
2023-10-02 14:08:08,https://www.linkedin.com/feed/update/urn%3Ali%3Aactivity%3A7114612018489262081
2023-10-01 17:58:01,https://www.linkedin.com/feed/update/urn%3Ali%3Aactivity%3A7114307482658750464
2023-09-26 15:49:56,https://www.linkedin.com/feed/update/urn%3Ali%3Aactivity%3A7112463311660617728
2023-09-25 12:46:28,https://www.linkedin.com/feed/update/urn%3Ali%3Aactivity%3A7112054753987104769
2023-09-23 23:28:44,https://www.linkedin.com/feed/update/urn%3Ali%3Aactivity%3A7111491609287938048
2023-09-19 16:18:38,https://www.linkedin.com/feed/update/urn%3Ali%3Aactivity%3A7109933819713003520
2023-09-19 01:00:55,https://www.linkedin.com/feed/update/urn%3Ali%3Aactivity%3A7109702865471897600
2023-09-16 00:20:15,https://www.linkedin.com/feed/update/urn%3Ali%3Aactivity%3A7108605468289224705
2023-09-13 19:13:12,https://www.linkedin.com/feed/update/urn%3Ali%3Aactivity%3A7107803421679763456
2023-09-10 20:47:20,https://www.linkedin.com/feed/update/urn%3Ali%3Aactivity%3A7106739950229852160
2023-09-08 23:33:28,https://www.linkedin.com/feed/update/urn%3Ali%3Aactivity%3A7106056980850495488
