Question,Answer
Company,Taos
Degree,Bachelor of Science - BS
Description,"“Too Much Text: When I Was Your Age, We Sent Email”  Mark Schmulen, Nutshell Joshua Baer, Capital Factory Steven Champeon, EnemiesList Jay Cuthrell, cuthrell.com"
Description,"“Lawful Intercept: I Saw What You Did”  Jay Cuthrell, cuthrell.com"
Major / Field of study,Industrial and Product Design
Company,IBM
Please submit a resume or LinkedIn profile,592420557.pdf
Dates of employment,2023-07-01 - 2024-04-01
Company,Amazon Web Services (AWS)
Description,"Bankable strategic technology advisor to ICT service providers, investment groups, and startups"
Website,https://jaycuthrell.com
Major / Field of study,Materials Science and Engineering
Last name,Cuthrell
Your title,Software Developer
Company,Nortel Networks
Dates of employment,2002-08-01 - 2009-12-01
Description,"Led growth of global solutions team at Faction, a Dell Technologies Capital portfolio company"
Description,Fractional leadership and advisory services
Description,PMI Executive specialist during Taos integration for final transfer of business into IBM
Dates of employment,1999-08-01 - 2002-07-01
Dates of employment,2022-08-01 - 2023-07-01
Dates of employment,2024-05-01 - 
Description,Representing the GTM interests of IBM Consulting
First name,Jay
Company,Faction
Description,"PMI Executive role to combine, align, and unify concurrent nested M&A company offerings"
Your title,Senior Vice President of Product Development
Description,Turned vision into multi $B growth engines during accretive concurrent nested M&A
State / Province,NC
Dates of employment,2020-12-01 - 2022-07-01
Your title,Chief Technology Officer
Dates of employment,2010-10-01 - 2020-09-01
Degree,"Data For Product Managers, Finding Product/Market Fit, Growth Leadership"
Dates of employment,2022-08-01 - 2024-04-01
Company,Digitel Corporation
Company,SapientRazorfish
Company,Cuthrell Consulting
Your title,Partner
School,Reforge
Dates attended,2022-01-01 - 2023-12-01
Your title,AWS Partner Advisory Board Executive Member
Your title,Infrastructure Architect
Mobile phone number, +1 4157638343
Your title,Managing Director
Your title,Principal Consultant
Company,Dell Technologies
School,NC State College of Engineering
Country,United States
Dates of employment,2009-01-01 - 2010-10-01
City,"Beaufort, North Carolina, United States"
Your title,Global Vice President of Solutions
Description,"“Wave and Communication’s (R)evolution: Better Than Being There?”  Jared Goralnick, AwayFind Daniel Raffel, Yahoo! Casey Whitelaw, Google Jay Cuthrell, cuthrell.com"
Dates of employment,1996-01-01 - 1999-12-01
