Question,Answer
Do you speak English?,Yes
How many years of work experience do you have with M&A Integration?,26
How many years of work experience do you have with Amazon Web Services (AWS)?,15
Are you comfortable working in a remote setting?,Yes
How many years of work experience do you have with Blockchain?,0
How many years of work experience do you have with Application Development?,28
How many years of work experience do you have with Jira?,17
How many years of work experience do you have with YouTube?,20
Company,
How many years of work experience do you have with Microsoft Outlook?,20
Country,
How many years of urn:li:industry:96 experience do you currently have?,25
How many years of work experience do you have with C (Programming Language)?,25
Degree,
How many years of work experience do you have with Programming?,25
How many years of PRDM experience do you currently have?,28
Mobile phone number, +1 4157638343
Description,
How many years of work experience do you have with IT Procurement?,28
Website,
How many years of work experience do you have with Project Management?,28
How many years of work experience do you have with Business-to-Business (B2B)?,28
How many years of work experience do you have with Acquisition Integration?,25
Have you completed the following level of education: High School Diploma?,Yes
"Are you willing to take a drug test, in accordance with local law/regulations?",Yes
How many years of work experience do you have with Software as a Service (SaaS)?,20
How many years of FIN experience do you currently have?,23
Your title,
Do you have the following license or certification: Security Officer?,No
How many years of work experience do you have with Content Marketing?,14
How many years of work experience do you have with Cognos?,10
School,
How many years of work experience do you have with Enterprise Software?,28
