Question,Answer
How many years of ACCT experience do you currently have?,23
How many years of work experience do you have with Microsoft Excel?,20
How many years of work experience do you have with Databases?,28
How many years of work experience do you have with Technical Leadership?,26
How many years of IT experience do you currently have?,25
How many years of work experience do you have with Microsoft Office?,20
What is your average deal size in USD (in thousands)?,25000
Please submit a resume or LinkedIn profile,592420557.pdf
How many years of BD experience do you currently have?,25
How many years of urn:li:industry:11 experience do you currently have?,28
How many years of work experience do you have with Mentoring?,20
How many years of work experience do you have with Business Case Development?,19
Are you legally authorized to work in the United States?,Yes
Description,
How many years of work experience do you have with Enterprise Software Sales?,20
How many years of work experience do you have with Product Management?,28
Do you speak Spanish?,No
How many years of work experience do you have with SaaS Sales?,15
Major / Field of study,
How many years of work experience do you have with B2B2C?,27
How many years of work experience do you have with Agency Relationship Management?,20
How many years of work experience do you have with Communication?,28
How many years of work experience do you have with Leveraged Buyouts (LBO)?,28
Veteran status,NotProtectedVeteran
State / Province,
How many years of work experience do you have with SQL?,28
How many years of work experience do you have with Skill Development?,28
First name,
How many years of work experience do you have with Supply Chain Management?,10
School,
How many years of work experience do you have with Early Stage Companies?,28
How many years of work experience do you have with Sales?,28
How many years of work experience do you have with Microsoft Word?,28
<strong>Disability</strong>,No
City,
Are you comfortable working in a hybrid setting?,Yes
How many years of work experience do you have with SharePoint?,19
Gender,Male
Have you completed the following level of education: Master of Business Administration?,No
Company,
Race/Ethnicity,White (Not Hispanic or Latino)
How many years of work experience do you have with Mergers & Acquisitions (M&A)?,19
Last name,
Do you have the following license or certification: Certified Public Accountant?,No
How many years of work experience do you have with M&A Advisory Services?,28
How many years of work experience do you have with Salesforce.com?,15
Degree,
How many years of work experience do you have with Microsoft PowerPoint?,20
How many years of work experience do you have with Content Curation?,28
How many years of work experience do you have with Tableau?,10
How many years of work experience do you have with Oracle Database?,27
How many years of work experience do you have with Revenue Generation?,23
How many years of work experience do you have with SAP ERP?,14
How many years of work experience do you have with E-Commerce?,24
How many years of work experience do you have with Digital Transformation?,15
How many years of work experience do you have with Finance?,28
Have you completed the following level of education: Master's Degree?,No
How many years of work experience do you have with Search Engine Optimization (SEO)?,16
How many years of work experience do you have with F5?,24
How many years of work experience do you have with Twitter?,14
How many years of work experience do you have with Cloud Infrastructure?,18
How many years of work experience do you have with Hands-on Technical Leadership?,25
Your title,
"Are you willing to undergo a background check, in accordance with local law/regulations?",Yes
How many years of OTHR experience do you currently have?,29
Are you comfortable working in an onsite setting?,Yes
How many years of work experience do you have with Microsoft Power BI?,5
How many years of work experience do you have with Product Development?,28
How many years of work experience do you have with Hyperion?,10
How many years of work experience do you have with Oncology?,5
Have you completed the following level of education: Bachelor's Degree?,Yes
How many years of work experience do you have with Venture Capital?,27
"Will you now, or in the future, require sponsorship for employment visa status (e.g. H-1B visa status)?",No
