Content Title,Content Description,Content Type,Content Last Watched Date (if viewed),Content Completed At (if completed),Content Saved,Notes taken on videos (if taken),
Become a Trauma Informed Leader,"So much of your success as a leader depends on your ability to learn from personal trials, errors, and resolved or unresolved trauma. Your resilience in the wake of a challenge influences your leadership style and how you respond to stress and pain points in the workplace. In this course, instructor Dawn Emerick shows you how to identify the three E’s of trauma, respond to trauma without causing secondary or vicarious trauma, and create a space of emotional safety for the whole team.<br><br>Explore the meaning and scope of trauma as experienced by individuals and collectively by groups. Find out why today's leaders need to lead with a trauma-informed lens in the workplace, as Dawn teaches you about the six principles of trauma-informed leadership: safety; trust; peer support and healing; collaboration; voice and choice; and culture, history, and gender. Upon completing this course, you’ll have a better understanding of how to apply each to common workplace scenarios.",Course,2022-05-08 18:52 UTC,N/A,false,N/A,
Helvetica,"<em>Helvetica</em> is about typography, graphic design, and global visual culture. It looks at a single typeface—one that, for better or worse, has dominated the graphic arts world since its creation in 1957—in a conversation about the way type affects our lives. lynda.com is proud to host this film in our library—along with an additional hour of online-exclusive bonus content.<br><br>

The documentary explores urban spaces in major cities and the type that inhabits them, and offers a fluid discussion with renowned designers about their work, the creative process, and the choices and aesthetics behind their use of type. Helvetica encompasses the worlds of design, advertising, psychology, and communication, and invites us to take a second look at the thousands of words we see every day. Interviewees in Helvetica include some of the most illustrious and innovative names in the design world, including Erik Spiekermann, Matthew Carter, Massimo Vignelli, Wim Crouwel, Hermann Zapf, Neville Brody, Stefan Sagmeister, Michael Bierut, David Carson, Paula Scher, Jonathan Hoefler, Tobias Frere-Jones, Experimental Jetset, Michael C. Place, Norm, Alfred Hoffmann, Mike Parker, Bruno Steinert, Otmar Hoefer, Leslie Savan, Rick Poynor, Lars Müller, and many more.<br><br>

Make sure to watch the bonus features included in the <em>Extras</em> chapter for more insights from these designers.",Course,2020-03-28 17:01 UTC,N/A,false,N/A,
Body Language for Authentic Leadership,"Body language is an essential part of our communication. But how many of the body language tips we’ve learned are outdated? The politics of body language have shifted. In this course, instructor Erica Dhawan explains how people can succeed by leveraging their authenticity and natural strengths, in both traditional and digital settings. Erica discusses how to understand your body language style and be self-aware of the body language you use. She goes over the importance of understanding the specific culture and expectations of your work environment, then covers how to master your body language to present yourself authentically as an executive leader. Erica describes how you can show executive presence while leading online meetings and video calls. She concludes with how to spot the body language cues of inclusion and exclusion and follow up by using positive body language cues to advocate for unheard voices.",Course,2021-06-13 22:09 UTC,N/A,false,N/A,
Managing Up as an Employee,"Establishing a good working relationship with your manager is one of the most effective ways to accelerate success in your organization. In this course, get strategies for managing up, whether you're collaborating with your boss in a remote environment or a physical office. Join Mary Abbajay—the best-selling author of <i>Managing Up: How to Move Up, Win at Work, and Succeed with Any Type of Boss</i>—as she provides practical strategies for working with a range of different personalities. Because working well with others requires us to understand how people operate, Mary steps through how to recognize (and accept) the different types of bosses you may encounter. Learn how to manage the extroverted (or introverted) boss, the micromanager, the workaholic boss, and more. Plus, discover what you can do to combat the ill effects of a toxic boss. Whether the person above you is a middle manager or a top executive, this course can provide you with the tools you need to set yourself up for success.",Course,2020-12-22 15:21 UTC,N/A,false,N/A,
10 Mistakes Leaders Should Avoid,"Leaders balance a lot. They manage entire teams, oversee cross-functional tasks, and take on their own work as individual contributors. With all these moving parts, it can be easy to fall victim to small mistakes that snowball into large problems. In this course, leadership development expert Halelly Azulay reviews common mistakes that leaders should avoid to help their teams and themselves to succeed. She describes each error, then explains behaviors and techniques you can use to turn these areas for improvement into team highlights. Halelly first reviews communication blunders that can have a major impact on employee morale and how a leader is perceived. Then she covers mistakes that deal with employee development, performance management, and collaboration. In going over the last four mistakes, Halelly gives you pro tips for leading impactfully and fostering a culture that keeps your team engaged.
<br><br>This course was created by <a href=""http://www.onlymadecraft.com"" target=""_blank"">Madecraft</a>. We are pleased to host this training in our library.<br><br><img src=""https://media.licdn.com/media/AAYAAgCwAAoAAQAAAAAAAHppnBQxgeyWS2CsU3aDDPcMgw.jpg"" height=""20%"" width=""20%"">",Course,2023-11-02 09:19 UTC,N/A,false,N/A,
Crisis Communication,"Every organization needs to plan how to communicate internally and externally in the event of a crisis. In this course, business communication expert Laura Bergells walks you through the process of preparing your organization to communicate with employees, customers, suppliers, media, and the public at large. She'll cover identifying audiences, assembling a crisis response team, crafting an initial statement, and evaluating your response once the crisis has passed.",Course,2020-05-11 22:17 UTC,N/A,false,N/A,
Ram Charan on Coaching High Potentials,"High-potential employees are the key driver of an organization's future success and performance-but who are these future leaders? Where do they come from and how are they developed? In this short course, LinkedIn Influencer Ram Charan, a top-level coach to global CEOs, outlines what companies must do to cultivate high potentials and what individuals can do to develop their high-potential selves: by pursuing skills, opportunities, and focus.",Course,2020-04-17 11:41 UTC,N/A,false,N/A,
AWS Well-Architected Framework: Security Pillar,"The AWS Well-Architected Framework helps enterprise architects build more secure, high-performing, resilient, and efficient cloud-based infrastructure for their applications. The Framework comprises five pillars: operational excellence, security, reliability, performance efficiency, and cost optimization. This course takes a deeper look at the second pillar: security. Explore design principles for secure infrastructure, learn how to leverage AWS Identity and Access Management tools, and find out how to protect your organization's AWS credentials. Discover how to conduct effective security audits and put protections into place to secure your infrastructure and your data. Instructor Mark Wilkins also provides guidance on managing an incident response program. Each lesson is designed with Amazon best practices in mind, helping you leverage the Well-Architected Framework tools as well as study topics featured in key AWS certifications.",Course,2022-04-11 22:54 UTC,N/A,false,N/A,
CONTENT METADATA NO LONGER EXISTS - urn:li:lyndaCourse:728382,CONTENT METADATA NO LONGER EXISTS - urn:li:lyndaCourse:728382,Course,2020-03-21 14:24 UTC,N/A,false,N/A,
The Power of Habit (Blinkist Summary),"Where does the power of habits come from, and how can you put that power to work for you? This audio-only course shows you how the brain forms a habit or routine and how you can start or end any habit you wish. Learn how habits create a craving that make them difficult to break, but you can replace an existing routine with another one that has a similar reward. Discover how you can use keystone habits, such as willpower, and small wins to change large routines. Find out how crises can change organizational habits, how habit-based marketing works, and how movements are born. It’s up to you to take responsibility and change your habits for the better.
<br><br>  
Note: This audiobook summary was produced by <a href=""https://www.blinkist.com/?utm_source=linkedinlearning&utm_medium=partner&utm_campaign=COURSE TITLE""target=""_blank"">Blinkist</a>. We are pleased to host this content in our library.",Course,2021-11-25 20:36 UTC,N/A,false,N/A,
Systems Thinking,"The situations and events that we deal with in our daily personal and work lives are complex, yet our thinking is often biased and simplistic. By adopting new ways of thinking that are more in tune with our adaptive, nonlinear world, we can achieve increased effectiveness and success in nearly all domains. In this course, learn the basic tenets of systems thinking, a more sophisticated way of looking at problems and organizing your thoughts. Instructor Derek Cabrera—a Cornell University professor specializing in systems thinking—lays out what systems thinking is, why it’s valuable, and how to do it. Learn all about the power of mapping in systems thinking and get examples of its real-life applications. Plus, learn how systems thinking can even help you boost your emotional intelligence.",Course,2021-12-08 22:40 UTC,N/A,false,N/A,
Learning Excel: Data Analysis,"Microsoft Excel is an important tool for data analysis. It helps companies accurately assess situations and make better business decisions. This course helps you unlock the power of your organization's data using the data analysis and visualization tools built into Excel. Author Curt Frye starts with the foundational concepts, including basic calculations such as mean, median, and standard deviation, and provides an introduction to the central limit theorem. He then shows how to visualize data, relationships, and future results with Excel's histograms, graphs, and charts. He also covers testing hypotheses; modeling different data distributions; calculating the covariance and correlation between data sets; and calculating probabilities, combinations, and permutations. Finally, he reviews the process of calculating Bayesian probabilities in Excel. Each chapter includes practical examples that show how to apply the techniques to real-world business problems.",Course,2024-11-17 02:41 UTC,N/A,false,N/A,
Stepping Up Your Webcam Video Presence,"Nearly everyone has a webcam, but many people don’t put the effort into enhancing their webcam video presence. But with just a few relatively easy and inexpensive tweaks, you can capture well-composed, well-lit shots with great audio using the humble webcam. In this course, senior staff instructor Ashley Kennedy shows you how to represent your best self in meetings, as well as presentations, trainings, vlogs, interviews, demos, Q&As, and other types of web videos. Learn basic strategies for optimizing your system and your webcam, staging and lighting your shot, capturing high-quality audio, scripting and rehearsing for big-stakes webcam presentations, and more.",Course,2022-03-13 19:12 UTC,N/A,false,N/A,
Critical Thinking for Better Judgment and Decision-Making,"The pace of change and volume of information we encounter in daily life make it hard to think through decisions. Instead, people often rely on biases and rules of thumb, which trap them into drawing faulty conclusions. The most successful teams use critical thinking—objective and rational analysis—to illuminate the wisest conclusions. This course prepares leaders to hone the critical thinking skills of their entire organization. Learn how to upgrade critical thinking to avoid deceiving fallacies, spot misleading cognitive biases, craft better arguments, hone judgment, and improve decision-making. Instructor Becki Saltzman teaches skills that will improve how your company or team innovates, tackles challenges, and responds to change.",Course,2021-01-31 21:42 UTC,N/A,false,N/A,
Understanding the Impact of Deepfake Videos,"Imagine not being able to trust what you see or hear when you watch a video online. Deepfakes are manipulated media—video or audio—where a person has been replaced with someone else's likeness and made to appear as if they said or did something that never happened. Deepfake videos use artificial intelligence and can appear very convincing, even to a trained eye. When used to mislead audiences, deepfake videos can be disastrous. However, they can have useful benefits too—like offering AI-assisted video reshoots. In this introductory course, senior staff instructor Ashley Kennedy offers a useful introduction to the dangers and benefits of deepfake videos. She also provides a high-level overview of deepfake technology and puts forward some tools to identify deepfake videos, as well as suggestions for what to do when you suspect or spot a deepfake video.",Course,2020-12-19 13:41 UTC,N/A,false,N/A,
Generative AI for Business Leaders,"<p>Artificial intelligence has been affecting and transforming our lives for decades. But over the past few years, AI has made incredible progress, with some applications becoming so advanced that they are quickly becoming a powerful force in various industries, with the potential to reshape entire economies—and even reshape society.</p><p>This technology is called generative AI. It will reinvent how we humans will create content. It will redefine how we work, from automating mundane tasks to writing complex code. And it will accelerate our innovation to new levels. Whether you’re a senior executive or any aspiring leader, learning how this technology works, why it can be disruptive for your business and industry, as well as its limitations, is critical for your company and your career. Join LinkedIn’s Chief Product Officer Tomer Cohen as he shows you key tools and insights to help you use generative AI to reinvent the future of your business.</p><p>This course is part of a <a href=""https://www.linkedin.com/learning/paths/ai-for-organizational-leaders-by-microsoft-and-linkedin"" >Professional Certificate</a> from Microsoft.</p>",Course,2023-05-12 22:32 UTC,N/A,false,N/A,
Managing Innovation,"In many organizations, the way innovation happens is unpredictable. It doesn't have to be that way. In this audio-only course, innovation expert Jim Belfiore shares methods, concepts, and practices that can help you more effectively manage innovation programs at your organization. Jim dives into the levels and methods of innovation and shares how to frame the right problem to drive the right solutions forward. He explains how to effectively use tools such as brainstorming, value engineering, TRIZ, and even crowdsourcing to create game-changing ideas. Plus, he covers how to do the research necessary to validate your idea and assess the competitive landscape.<br><br>This course was created by <a href=""http://www.onlymadecraft.com"" target=""_blank"">Madecraft</a>. We are pleased to host this content in our library.<br><br><img src=""https://media.licdn.com/media/AAYAAgCwAAoAAQAAAAAAAHppnBQxgeyWS2CsU3aDDPcMgw.jpg"" height=""25%"" width=""25%"">",Course,2021-12-24 16:17 UTC,N/A,false,N/A,
Guy Kawasaki on Turning Life Wisdom into Business Success,"Get career advice from a real ""wise guy."" In this course, based on his book <i>Wise Guy</i>, one of the world's leading corporate evangelists, Guy Kawasaki, talks about how he built his career. Learn how he landed his first real job in the jewelry business—which turned out to be surprisingly useful training for the tech world. Find out why some of the riskiest moves he made at Apple—disparaging a potential partner and trading jabs with Steve Jobs—paid off. Guy also reveals how taking up surfing at the age of 62 sparked a new passion. In total, Guy covers everything from moral values to business skills to parenting. As he writes, “I hope my stories help you live a more joyous, productive, and meaningful life. If <i>Wise Guy</i> succeeds at this, then that’s the best story of all.”<br><br>

This course was created by <a href=""https://genconnectu.com/"" target=""_blank"">genconnectU</a>. We are pleased to offer this training in our library.",Course,2020-11-10 14:17 UTC,N/A,false,N/A,
"Cisco CCNP ENCOR (350-401) Cert Prep: 1 Architecture, Virtualization, and Infrastructure (2020)","Implementing Cisco Enterprise Network Core Technologies v1.0 (ENCOR 350-401) is a 120-minute professional-level exam associated with the CCNP and CCIE Enterprise Infrastructure certifications. The exam tests a candidate's knowledge of implementing core enterprise network technologies. This course helps candidates to prepare for the first three domains of this exam: Architecture, Virtualization, and Infrastructure. Instructors Kevin Wallace and Charles Judd show how to design enterprise architecture, including planning for all the necessary services and capacity. They also cover the various types of virtualization, from virtual machines and switches to entire virtual networks, and review the infrastructure technologies you typically see in enterprise networks, such as MSTP and RSTP, IPv4 and IPV6 routing, WLANs, Dynamic NAT, and more.<br><br>

This course was created by Kevin Wallace Training. We are pleased to offer this training in our library.",Course,2021-01-24 14:25 UTC,N/A,false,N/A,
Microsoft Power Automate Essential Training (2021),"Microsoft Power Automate is an excellent tool to help you streamline repetitive tasks and processes in your work day. Automate actions across email, Microsoft Office, Google Drive, and various productivity or social media platforms. In this course, Bill Kulterman explores the essentials needed to start using Power Automate and implement either existing or new processes inside of Power Automate. Bill covers several flows you can create to work smarter, including automatically adding and removing files from SharePoint based on emails sent, converting Word docs to PDFs, tracking working hours using the Power Automate mobile app, and more. After this course, you'll be ready to start automating business processes in your own workflow.",Course,2021-12-14 18:23 UTC,N/A,false,N/A,
Career Advice from Some of the Biggest Names in Business,"What if you could get career advice from the world's most influential thinkers, leaders, and innovators? People who have run the top companies, created the most beloved brands, transformed industries, and changed the world? Now you can. This course brings together the best insights from our collection of interviews with LinkedIn Influencers. CEOs such as Richard Branson, Bill Gates, Indra Nooyi, and Meg Whitman reveal what it takes to get your foot in the door and then work your way up. Discover why Starbucks founder Howard Schultz thinks that conviction is so critical, how Oprah found her vision, and what actress Priyanka Chopra does to find the next challenge. Each interview provides short and thoughtful tips you can use to propel your own career in the right direction.",Course,2020-04-05 21:23 UTC,N/A,false,N/A,
Succeeding in a New Role By Managing Up,"The start of a career is an exciting yet vulnerable place to be. You have the freshness and energy on your side, but you also have very little experience with how your industry and your new company actually work. The good news is you’re not alone. We’ve all been there before. This course brings together advice from a diverse set of experts, such as Oscar-winning actor Ed Norton and Adam Grant, the youngest tenured professor at Wharton. They explain how to develop a fearless mindset and build the productivity and networking skills you need to succeed in a new role. By understanding the dynamics that early-career employees face and “managing up” by building strong relationships, you can gain the confidence and support you’ll need to thrive.<br><br>

This course includes videos from: <br>
<b>Edward Norton</b>, Oscar-winning actor and founder of CrowdRise<br>
<b>Kathryn Minshew</b>, founder and CEO of The Muse, a career-discovery platform<br>
<b>Adam Grant</b>, Wharton professor and expert in motivation and behavior<br>
<b>Sarah Robb O'Hagan</b>, executive, activist, entrepreneur, and the CEO of Flywheel Sports<br>
<b>Simon O. Sinek</b>, author of <i>Start with Why: How Great Leaders Inspire Everyone to Take Action</i><br>

Note: This course was produced by <a href=”https://edge.bigthink.com/users/sign_up” target=”_blank”>Big Think</a>. We are pleased to host this content in our library.",Course,2021-02-07 12:56 UTC,N/A,false,N/A,
AWS Certified Solutions Architect - Associate (SAA-C02) Cert Prep: 4 Compute Services,"Take a deep dive into the compute services in Amazon Web Services (AWS). This course is the fourth of a nine-part series designed to help prepare you to pass the 2020 AWS Certified Solutions Architect - Associate (SAA-C02) exam. With a heavy focus on Amazon Elastic Cloud Compute (EC2), it explores compute services design, implementation, and management. Learn how to configure and launch EC2 instances, set up security and access control, and automate management with Elastic Beanstalk. Instructor Tom Carpenter provides foundational instruction for anyone beginning the journey to becoming an AWS architect, as well as those prepping for the latest version of the AWS Certified Solutions Architect - Associate exam.<br><br>This Total Seminars course covers the exam certification topics. For information on additional study resources—including practice tests, lab simulations, books, and discounted exam vouchers—visit <a href=""https://www.totalsem.com/linkedin/"" target=""_blank"">totalsem.com/linkedin</a>. LinkedIn Learning members receive special pricing.<br><br>This course was created by Total Seminars. We are pleased to offer this training in our library.",Course,2021-04-04 09:04 UTC,N/A,false,N/A,
Find a Job in the Hidden Job Market,"80% of jobs are not posted on job boards or company websites. These positions are filled in the hidden job market. In this course, you can learn how to access these unadvertised jobs by targeting your search, changing how and where you network, and taking action to supercharge your job hunt. Career strategist and former recruiter Sarah Johnston shows how to refine your job search goals, identify the companies you want to work for, and focus your efforts. She explains how to get your foot in the door by requesting an informational interview and how to build a network of contacts through conferences, trade associations, job search clubs, and more. Each tip helps you build valuable momentum and skills for a successful job search.",Course,2021-11-22 23:58 UTC,N/A,false,N/A,
How to Use Generative AI: Building an AI-First Mindset,"<p>Creating real impact with AI means understanding what generative AI is capable of today—and using that knowledge to stay ahead of future developments. Regardless of your industry, role, and experience, AI can transform your personal and professional development. If you want to learn how to unlock your full potential with AI, this course is for you.
</p><p>
In this course, AI thought leader, advisor, and investor Allie K. Miller provides her insights and guidance on how to thrive in the AI age. She shares real-world examples of generative AI tools in action, as well as her most-used framework to leverage AI to generate added value. Learn how to seamlessly integrate AI into your workflows, enhancing both individual and team productivity. Get the knowledge and tools to use AI for strategic planning, decision-making, and creative problem-solving. By adopting an AI-first mindset, you’ll be better prepared to future-proof your career and lead AI-driven transformations within your organization.",Course,2024-09-02 18:48 UTC,N/A,false,N/A,
Learning Personal Branding,"You are the most powerful marketing tool at your disposal. If you are starting a business, establishing your thought leadership, or trying to get ahead in your career, it's a great time to start investing in the brand of you. Learn the secrets of personal branding in this course with marketing expert Chelsea Krost. Chelsea explains how to develop your story, craft your messaging, and define your audience. Then she walks you through building your brand presence online and off, creating a calendar that will help you stay on top of social media and keep your content fresh. Plus, get tips to monetize your personal brand and land speaking engagements and guest roles.",Course,2020-04-22 12:39 UTC,N/A,false,N/A,
CONTENT METADATA NO LONGER EXISTS - urn:li:lyndaCourse:2483198,CONTENT METADATA NO LONGER EXISTS - urn:li:lyndaCourse:2483198,Course,2022-09-24 23:44 UTC,N/A,false,N/A,
Laravel 9.0 Essential Training,"<p><b>Suggested prerequisites</b></p>
<ul>
<li>Understanding of HTML</li>
<li>Experience with Core PHP</li>
<li>Familiarity with object-oriented concepts</li>
<li>Understanding of HTTP requests and MVC architecture</li>
</ul>

<p><b>Projects</b></p>
<ul>
<li>Create a note-taking web application with Laravel.</li>
</ul>
<p>Laravel, the open-source PHP web framework, has become one of the most widely used ecosystems for building scalable apps at lightning-quick speed. If you’re a PHP developer looking to take your career to the next level, this course was made for you. Join instructor Shruti Balasa as she takes you on a journey through the fundamentals of the Laravel framework.</p>",Course,2022-05-11 12:32 UTC,N/A,false,N/A,
How to Successfully Lead a PMO,"A project management office (PMO) can bring real value to an organization, but many will fail and close in just a few years. It's important for PMO leaders to maintain a holistic view while also keeping in mind the expectations of executive leadership and key stakeholders. In this course, the follow up to <i>Setting Up a PMO</i>, instructor Hussain Bandukwala shares best practices for effectively leading a new PMO. Learn about the importance of keeping your goals aligned with your organization, as well as how you can expand the PMO as a strategic entity within it. Explore the change management challenges usually faced by PMOs and how to overcome them. Plus, discover how to use storytelling tools to communicate effectively, hire for your growing team, and more.",Course,2021-12-13 06:10 UTC,N/A,false,N/A,
Learning Go (2021),"What is Go? Go is a next-generation, open-source programming language created by Google for building systems, web, and other applications. This course is designed to help developers get started with Go, covering its core language elements and syntax. David Gassner introduces tools and skills used in a Go workflow—including Go Playground, an online tool that takes Go development off the desktop. He also covers basic programming tasks: managing values, using math operators, storing values as complex types, and managing program flow. Plus, learn how to create reusable Go code, read and write files, and make simple web requests.

<p>This course includes Code Challenges powered by CoderPad. Code Challenges are interactive coding exercises with real-time feedback, so you can get hands-on coding practice alongside the course content to advance your programming skills.</p>",Course,2021-07-19 11:02 UTC,N/A,false,N/A,
Lighting with Flash: Capturing a Dancer in Motion,"In this installment of the <em>Lighting with Flash</em> series, photographer and Strobist.com publisher David Hobby demonstrates using strobes to freeze action while capturing the strength and grace of a dancer in motion. After working through the lighting challenges of a dance studio, David sets up a white, seamless background and shoots some test shots, adjusting the flash units to create a white ""blow-away"" background that will enable the photo to be easily composited. Next, he photographs the dancer, working with her to capture a relaxed expression as she leaps and strikes various poses. After the action shots, David lights and shoots a portrait.",Course,2020-02-25 20:52 UTC,N/A,false,N/A,
Building a Superstar Brand,"Ever wondered what it takes to create your own brand and become a superstar along the way? Explore the value of storytelling, vision, and commitment in this course with World Wrestling Entertainment (WWE) chief brand officer Stephanie McMahon, as she shows you how to lead by example and leave a legacy in your wake. Learn key lessons from Stephanie’s hard-earned experiences and colorful tales of growing up in an entrepreneurial culture. The course shares valuable lessons on how to scale superstar partnerships, create a rich DEI culture, and build powerful fan relationships. Discover proven leadership strategies and tips that you can apply to your own venture or job. Throughout the course, Stephanie looks back on the sacrifices her parents made back when they were first promoting the WWE, growing it from nothing to superpower status, and inspiring millions around the world.<br><br>Note: This course was created by genconnectU. We are pleased to host this training in our library.",Course,2023-05-22 14:07 UTC,N/A,false,N/A,
Influencer Interview: Oprah Winfrey,"Go behind the scenes with Oprah Winfrey and LinkedIn CEO Jeff Weiner as they discuss Oprah's career, the power of intention, and SuperSoul Sunday.<br><br>
 
In the first segment, Oprah discusses her start in television, the guiding force behind her show, and how her current work is all about connection, spirituality, and the earth. In the second, Oprah talks about the power of belief and intention, and how to determine what ""you ultimately want to do"" and the joy of ""getting it."" In the final segment, Oprah talks about SuperSoul Sunday and how we are all looking for validation.",Course,2020-04-30 02:45 UTC,N/A,false,N/A,
Azure Bicep First Look,"Are you looking for a simpler, more efficient way to author infrastructure resources in Azure? If so, you’re in luck. Azure Bicep is here to help. Bicep is a new domain-specific language (DSL) for deploying resources in Azure. It’s also a much cleaner, more concise language than ARM JSON—cloud admins and DevOps professionals, rejoice!<br><br>Join instructor Elkhan Yusubov for a first glimpse of this recently released Azure service. Learn about how Azure Bicep simplifies the authoring experience by utilizing a more specific, declarative syntax. Explore how to develop better infrastructure-as-code solutions for Azure Resource Manager (ARM) templates, as well as how to convert your old templates into Bicep to modernize your existing Azure environment. Forget about the verbose, long-winded expressions that typify syntax in JSON. Azure Bicep is taut, reliable, and modular, and it’s easy to maintain and reuse, which makes it the preferred new language for many Azure developers.",Course,2021-12-05 23:33 UTC,N/A,false,N/A,
Working with Difficult People,"<p>In every workplace, you're likely to encounter colleagues who are more difficult to work with than others. But before you rush to judgment, you should determine if and how you might be contributing to the situation, and what you can do to help.</p><p>In this course, join psychologist Dr. Emily Anhalt as she shows you how to navigate and communicate with people who you find challenging to deal with at work. Pause and reflect on your role in challenging work situations to uncover how empathy can help you work better with others. Emily shares strategies to respond to a wide variety of particularly challenging work situations, including with people whose behavior is negative, absent, competitive, and passive-aggressive. By the end of this course, you’ll be prepared with new skills and practical strategies to have an effective conversation with someone you find difficult to work with.</p>",Course,2024-08-11 21:00 UTC,N/A,false,N/A,
Critical Thinking,"Critical thinking is the ability to think reflectively and independently in order to make thoughtful decisions. By focusing on root-cause issues critical thinking helps you avoid future problems that can result from your actions. In this course, leadership trainer and expert Mike Figliuolo outlines a series of techniques to help you develop your critical thinking skills. He reveals how to define the problem you're trying to solve and then provides a number of critical thinking tools such as blowing up the business, asking the 5 whys and the 7 so whats, exploring the 80/20 rule, and more. He also provides guidance on how to develop this skill across your whole team.",Course,2020-05-11 22:35 UTC,N/A,false,N/A,
Learning Arduino: Pulse Width Modulation,"Pulse width modulation (PWM) is an essential skill for connecting Arduino microcontrollers to motors or lights, providing a way to approximate analog voltage levels with digital signals. Using PWM, you can control and program the brightness of lights and the speed of motors—bringing your projects to life. Join Rae Hoyt in this course and learn how to harness the power of PWM to drive digital circuits. She shows how to use the built-in PWM libraries and functions, troubleshoot code and hardware, and use analog input controls to drive servos, motors, and RGB LEDs. Take the practice challenges along the way to test your learning and see how far your Arduino skills are progressing.",Course,2019-10-23 00:55 UTC,N/A,false,N/A,
Sheryl Sandberg and Adam Grant on Option B: Building Resilience,"Dodging adversity is often not a choice. Encountering a devastating event—the gut-wrenching kind that zaps away joy—is an inevitability of life. In their <em>New York Times</em> best-selling book <em>Option B: Facing Adversity, Building Resilience, and Finding Joy</em>, Facebook COO Sheryl Sandberg and Wharton psychologist Adam Grant share their insights on building resilience in the face of such setbacks. They offer practical steps you can take to reimagine and rebuild your life when your first choice—your Option A—is no longer on the table, and you're faced with the task of making the absolute best of Option B. This course highlights some of the powerful topics in this book, including how to talk to friends and colleagues who are hurting when you're not sure what to say, how to fight the idea that the hurt you're feeling is permanent, and how to give yourself permission to experience happiness again.<br><br> For additional resources and support, check out <a href=""https://optionb.org/"" target=""_blank""> OptionB.Org</a>, a nonprofit initiative dedicated to helping individuals build resilience in the face of adversity.",Course,2020-03-19 04:46 UTC,N/A,false,N/A,
Communicating with Emotional Intelligence,"<p>Developing your emotional intelligence can help you succeed at any stage of your life or career. It can also help you become a better leader, mentor, and coach. In this course, Brenda Bailey-Hughes defines exactly what emotional intelligence is and how it can help you manage your emotions and build stronger relationships. Learn how to understand others’ perspectives, balance empathy and accountability, demonstrate listening, and respond appropriately to a variety of verbal and nonverbal cues. Using these simple techniques, you can quickly improve your communication and make conversations at work and home more productive and satisfying. </p><p>This course is part of a <a href=""https://www.linkedin.com/learning/paths/essential-business-communication-skills-professional-certificate-by-linkedin-learning"" target=""_blank"">Professional Certificate</a> from LinkedIn Learning.</p>",Course,2022-03-20 14:49 UTC,N/A,false,N/A,
Learning PowerShell Core,"PowerShell Core—the latest iteration of the powerful scripting language—is open-source, cross-platform, and full of helpful features. In this course, instructor Adam Bertram helps you get up and running with PowerShell Core, explaining what you need to know to use PowerShell to automate a variety of day-to-day IT tasks. Adam covers the basics of working with PowerShell Core, including how to run commands, install and update modules, and work with basic functions. Plus, he highlights the differences between Windows PowerShell and PowerShell Core.",Course,2019-12-20 22:26 UTC,N/A,false,N/A,
Social Media Marketing Foundations (2020),"Social media dramatically altered marketing by allowing businesses to directly engage with customers and vice versa. Brands that stand the test of time will use these platforms to create fresh connections and build long-term loyalty. In this course, you can learn the basics of social media marketing. Instructor Brian Honigman—a top marketing consultant—explains why making an investment in social media can benefit your business. He shows how to define your audience and craft a social media strategy focused on your organization's goals. He also teaches you how to communicate effectively on leading social networks such as Facebook, Instagram, and Snapchat; drive results with paid ads; and measure your success.",Course,2020-04-13 15:53 UTC,N/A,false,N/A,
Leading with Generative AI: Master Change Management for Success,"Master the integration of generative AI within organizational change management in this comprehensive course designed for business leaders and transformation specialists. Through 15 focused modules, instructors Christopher White and Bob Higgins offer insights on how to navigate the unique challenges of implementing AI technologies while maintaining organizational stability and growth. This course introduces the innovative FASTER framework, a structured approach specifically designed for AI-driven transformations. Along the way, explore the historical context of AI compared to past technological innovations, strategic approaches to workforce adaptation and development, practical implementations of the FASTER framework for AI integration, methods for building organizational readiness and acceptance, techniques for sustainable change management in the age of AI, and strategies for measuring and replicating transformation success.",Course,2025-02-06 01:32 UTC,N/A,false,N/A,
Learning Terraform (2020),"Terraform is a DevOps tool for declarative infrastructure—infrastructure as code. It simplifies and accelerates the configuration of cloud-based environments. In this course, instructor Josh Samuelson shows how to use Terraform to configure infrastructure and manage resources with Amazon Web Services (AWS). After demonstrating how to set up AWS for Terraform, Josh covers how Terraform manages your infrastructure, as well as how to use core Terraform commands. He also delves into more advanced topics, including how to arrange Terraform code to be more maintainable and modular. Upon wrapping up this course, you'll have the knowledge you need to efficiently define and mange infrastructure with this powerful tool.",Course,2021-12-30 21:29 UTC,N/A,false,N/A,
Entrepreneurship: Bootstrapping Your Business,"Bootstrapping—starting and growing a business without outside funding—allows founders to play by their own rules. Curious about what it takes to start your own bootstrapped business? Tune into this course to learn how.<br><br>Instructor Kim Kaupe begins by helping you determine whether bootstrapping is the right move for you. She then shows how to create a business plan and set up measurable goals. Once you have your plans in place, she covers fundamentals like managing your cash flow and spending, navigating customer acquisition at a low cost, and creating partnerships with like-minded companies. Plus, learn how your personal spending plays into your growing business, as well as how to prepare friends and family for the potential ups and downs of the entrepreneurial journey. Whether you’re a new business owner or a seasoned entrepreneur looking for new ways to leverage your capital, this course can help you set up your self-funded business for success.",Course,2022-03-25 12:29 UTC,N/A,false,N/A,
Microsoft Defender for Office 365,Learn how to defend against threats to Office 365 products that can enter through dangerous web links and email attachments. Professor Robert McMillen introduces new security features from Microsoft to protect organizations using Office365 and online products using Defender for Office 365. Discover how to create and manage threat policies that can protect your organization and how to create reports and automate responses to any threat that your organization is presented with.,Course,2024-05-24 15:41 UTC,N/A,false,N/A,
CONTENT METADATA NO LONGER EXISTS - urn:li:lyndaCourse:2819223,CONTENT METADATA NO LONGER EXISTS - urn:li:lyndaCourse:2819223,Course,2020-02-25 21:49 UTC,N/A,false,N/A,
Presenting to Senior Executives,"Exposure to senior executives (also known as the C suite) can change the trajectory of your career. If you’re presenting to this audience, you need to navigate unique challenges, like getting their attention and garnering action. In this course, learn methods you can use to communicate your message effectively to these key decision makers, resulting in buy-in and response. Discover the value of brevity and the importance of conveying the return on investment (ROI). Learn how to handle challenging questions, frame your message, harness the power of story, and use a high-level approach. Explore how to navigate the unexpected, from interruptions and tech failures to re-engaging the distracted. Additionally, find out how to demonstrate competence, earn credibility, and generate results by making the most of your presentation opportunity.",Course,2021-02-15 11:54 UTC,N/A,false,N/A,
"How to Work Smarter, Not Harder: Save Time and Money and Increase Productivity","More and more people are working from home, managing remote teams, and juggling multiple projects. The time is now to learn how to work smarter, not harder. Luckily, today’s technology makes it easier than ever to increase productivity and efficiency. This course is for anyone trying to grow their business or move ahead in their career without becoming overwhelmed. Chelsea Krost provides tangible tips, tools, and techniques to increase overall productivity and give you back precious time in the day. Learn how to embrace the mindset of successful entrepreneurs and small business owners, manage your time effectively, tackle your to-do list, leverage automation and delegation, and power up your social media, content marketing, and branding strategies to direct more attention and traffic to your business. Each tool and workflow has been tested by Chelsea and her clients—and the skills taught apply to any industry. Start watching and working smarter today.",Course,2020-12-21 11:34 UTC,N/A,false,N/A,
Becoming an AI-First Product Leader,"Artificial intelligence is changing the world, powering everything from advertising to education. Becoming a successful product leader is anchored to an AI-first mindset—and you can't lead what you don't understand. Join Tomer Cohen in this AI primer for product leaders. Learn the current use cases for AI and see how AI is impacting your role and popular products in the marketplace, including those at LinkedIn. Explore the three components of AI: the algorithms, the data, and the objective. Tomer also explains how to adopt AI product principles, shifting the mindset of your entire organization. The course wraps up with a discussion of the future of AI and its impact on product leaders like you.",Course,2021-12-29 14:45 UTC,N/A,false,N/A,
Serverless Computing with AWS Lambda,"Ready to go serverless? Learn the essentials of working with AWS Lambda, a compute service that handles administration for you, so you're only responsible for your code. In this course, Marcia Villalba helps beginners get up and running with Lambda. To begin, she explains the basics of securing an AWS account and creating IAM users. From there, she moves on to the main concepts of the Lambda programming model and shows how to create Lambda functions and add API Gateway as a trigger. She steps through how to do everything from the AWS console to solidify your baseline knowledge before showing how to create lambda functions with the AWS Serverless Application Framework (SAM), which uses the paradigm of infrastructure as code—the recommended way to develop serverless applications.",Course,2021-05-03 00:03 UTC,N/A,false,N/A,
Rock Guitar Lessons: Teach Yourself to Play,"<em>Rock Guitar: Teach Yourself to Play</em> provides a completely new approach to learning guitar, for students who want to play in the rock style. By starting on the 6th string, you are immediately able to play riffs and licks—the kind of progress that inspires you to continue learning. The videos feature clear well-paced instruction along with close-up examples of fingering and strumming. Find out how to hold your guitar, read music and tablature, play simple and advanced chords, and play different strings and notes together. Instructor and guitar virtuoso Jared Meeker also demos some popular rock and blues licks and tricks, and introduces the E minor and A minor pentatonic scales—5-note scales that are critical to playing rock guitar. Learning guitar has never been easier or more fun. This course is a great choice for today's beginning guitar students.",Course,2020-05-20 11:01 UTC,N/A,false,N/A,
CONTENT METADATA NO LONGER EXISTS - urn:li:lyndaCourse:693071,CONTENT METADATA NO LONGER EXISTS - urn:li:lyndaCourse:693071,Course,2020-04-10 23:27 UTC,N/A,false,N/A,
Six Sigma: Green Belt,"Six Sigma is a customer-focused, data-driven methodology that is widely used to analyze and improve the performance of processes, products, and services. In this course, get the training you need to become a Six Sigma Green Belt. Green Belts participate in—or lead—Six Sigma projects on a part-time basis under the guidance of a Black Belt. Operational excellence expert, master Black Belt trainer, and professor Dr. Richard Chua explains how to use Six Sigma and its process, quality, and statistical tools as he prepares you to become a Six Sigma Green Belt.<br><br>   

Note: Dr. Richard Chua builds upon his <i>Six Sigma Foundations</i> and <i>Learning Minitab</i> courses, and covers an array of topics, including measurement system analysis, descriptive statistics, hypothesis testing, design of experiments, statistical process control, and more.",Course,2022-07-25 14:28 UTC,N/A,false,N/A,
Artificial Intelligence for Cybersecurity (2020),"Artificial intelligence (AI)—when leveraged with preparation and guardrails—is a game-changing approach to solving complex problems in cybersecurity. In this course, instructor Sam Sehgal delves into AI in the context of information security, providing use cases and practical examples that lend each concept a real-world context. Sam goes over the six main disciplines of AI and explains how to apply these disciplines to solve pressing security problems, such as the challenges of data at scale and speed in threat response. He covers machine learning techniques and their suitability for security issues, as well as the general limitations and risks of using AI for security. Plus, he shares how to best prepare your organization to apply AI-driven security.",Course,2021-07-07 00:04 UTC,N/A,false,N/A,
Mindful Meditations for Work and Life,"You can be successful at work while maintaining a calm, Zen-like approach to your daily decisions and routines. Meditation and mental exercises like visualization can help you manage stress and create the life you want. This audio course led by Scott Shute, head of the Mindfulness and Compassion program at LinkedIn, offers a practical and easy approach to meditation, including simple, short exercises that you can build into a regular practice—even in the minutes before a meeting. Learn the science underlying the brain-body connection and how adapting your posture and changing your position can help you relax. Explore different kinds of breathing exercises, and discover visualization and loving-kindness techniques to open your mind and your heart. Scott closes with some advice for making your practice stick and integrate meditation into a busy schedule.",Course,2020-05-13 02:22 UTC,N/A,false,N/A,
PowerPoint Tips and Tricks (2019),"PowerPoint gets better with every update. The latest version has artificial intelligence (AI) and design features that help designers work smarter and visualize their ideas faster. Discover powerful tips and shortcuts that will help you leverage the latest features and take your PowerPoint game to the next level. In this course, Microsoft PowerPoint MVP Heather Ackmann shows how to create professional-looking transitions with the Morph feature, insert and edit 3D graphics in your presentation, use the new drawing features in PowerPoint, and take advantage of numerous AI-powered enhancements. She also shows how to add watermarks to your slides, benefit from a number of helpful add-ins, and record video of your PowerPoint presentation.<br><br>

Note: This course was recorded in PowerPoint for Office 365. However, many of the tips will be useful to those working with Office 2019 and 2016.",Course,2020-02-05 18:53 UTC,N/A,false,N/A,
Delivering an Authentic Elevator Pitch,"Find out how to craft an authentic personal pitch while projecting competence and warmth—two key factors in making a great first impression. Instructor Tatiana Kolovou shares how building trust with people and making a positive first impression isn’t a matter of magic. Tatiana reveals how verbal and nonverbal behaviors can influence the way people react in an initial meeting, whether in person, over the phone, or online.",Course,2020-11-09 13:18 UTC,N/A,false,N/A,
Outlook Essential Training (Microsoft 365) (2023),"Discover how to set up and manage email, calendars, and contacts in the Microsoft 365 version of Microsoft Outlook. Jess Stratton starts this beginner-level course with a tour of the Outlook interface and then covers all the tools and features you need to work as a team, track assignments, and collaborate effectively. After finishing this course, you’ll have the knowledge you need to tame your inbox and make the worlds’ most widely used email and calendaring app work for you.",Course,2024-03-18 02:11 UTC,N/A,false,N/A,
LinkedIn Premium Quick Tips (2023),"Looking for a new role, but not sure where to start? You can find your next job—or simply get ahead in your field—using the powerful features and networking tools of LinkedIn Premium. Join LinkedIn Learning staff instructor Garrick Chow as he provides quick answers to all those ""How do I...."" questions, covering everything from InMail to privacy settings, out-of-office replies, and more. He also offers easy-to-use, bite-sized tips for leveraging Premium features designed specifically for job hunters, such as Open Profile, Company Insights, Applicant Insights, Resume Builder, and Interview Prep.",Course,2025-01-13 21:43 UTC,N/A,true,N/A,
Framing Cloud Discussions for the C-Suite,"The decision-makers who green-light new projects and ventures at your company may not be familiar with the benefits and risks associated with the cloud. It's important, then, for IT teams to frame cloud discussions in a way that resonates with these executives. In this course, instructor Lee Atchison provides guidance around key concepts that are important to each member of the C-suite—and how the IT team can tailor discussions about cloud strategies for each. Learn how to talk with a non-technical audience about dynamic application infrastructures and how rapid innovation can provide tangible business benefits. Then, discover what to focus on when structuring conversations with your CFO, CTO, CSO, and CTO. Lee wraps up the course by walking you through the key metrics you can use to show the benefits of the cloud to your executives.",Course,2023-08-28 09:35 UTC,N/A,false,N/A,
Leading in Crisis,"Leading in crisis is different than leading in stable times. Learn how you must lead to survive and thrive in a crisis. Bill George is a LinkedIn Influencer, CNBC contributor, bestselling author of <i>7 Lessons for Leading in Crisis</i>, and former CEO of medical device manufacturer Medtronic. Here he offers business leaders timely advice for surviving the unprecedented economic crisis caused by COVID-19 and offers real, current examples drawing from his many contacts in the healthcare and medical field. Bill can help leaders address key issues that arise in crisis, including facing the new reality, leading from your true north, digging deep for the root causes, and adapting to the new normal.<br><br>",Course,2020-05-26 13:35 UTC,N/A,false,N/A,
Figure Drawing: Tonal Rendering,"How can you make a good figure drawing into a great figure drawing? Give it drama with tonal rendering. This course—taught on the iPad Pro—provides you with step-by-step demonstrations that can help you enhance the dimensionality and drama of your figure drawings using tonal rendering techniques. Instructor Amy Wynne starts by demonstrating how to create a five-part tonal gradient, and then shows how to apply this to simple 3D geometric shapes such as an egg, a cylinder, and a block; these shapes serve as the building blocks for constructing your figures. Amy also shows how to build the figure from the inside out—from structure to tonality—and apply silhouette and camouflage using inspiring master drawings as examples. Upon completing this course, you'll be equipped with a few simple techniques that can help you add beautiful lights and shadows to your figure sketches.",Course,2020-04-25 20:02 UTC,N/A,false,N/A,
Cloud Architecture: Design Decisions (2022),"<p>Strong architecture begins with smart design decisions. With the cloud, the options can seem almost limitless. By focusing on your business and application needs, and how they may change over time, you can make intelligent choices, leading to a more efficient, cost-effective infrastructure. </p><p>This course is targeted at IT professionals who have a basic understanding of the cloud and are ready to move on to creating a cloud architecture. David Linthicum begins with the business case and requirement patterns, and then discusses mapping requirements to individual architecture concepts like storage, processing, and governance. David also covers advanced topics such as serverless architecture, containers, AI, machine learning, and more. Watch and learn how to make sense of today's requirements, as you plan your cloud-based architecture to scale with what your company needs to succeed tomorrow. </p><p>This course is part of a <a href=""https://www.linkedin.com/learning/paths/cloud-strategy-professional-certificate-by-linkedin-learning"" target=""_blank"">Professional Certificate</a> from LinkedIn Learning.</p>",Course,2023-03-25 15:07 UTC,N/A,false,N/A,
Ken Blanchard on Servant Leadership,"Self-serving leaders can be both destructive and highly ineffective. By making leadership all about them, they create a negative working environment where employees often lack the motivation to produce their best work. In this concise course, Ken Blanchard—a pioneer in the leadership space—shares his insights on servant leadership. Ken discusses practical ways for leaders to implement this approach in their organization, covering habits of servant leaders, how to create a servant leader culture, and how to manage effectively. Upon completing this course, you'll have a greater understanding of how to operate as a servant leader, and shift your focus from yourself to your employees and what you're ultimately trying to accomplish.",Course,2019-11-04 13:52 UTC,N/A,false,N/A,
AWS Certified Solutions Architect - Associate (SAA-C03) Cert Prep: 6 Auto Scaling and Virtual Network Services,"<p>In this course, explore the AWS auto scaling solutions and virtual network services. Instructor Tom Carpenter starts with an overview of auto scaling, then explores load balancer concepts and Elastic Load Balancing. Tom then moves into virtual network services, including DNA, Route 53, and flow logs. This course provides foundational instruction for anyone beginning their journey as an AWS architect, and also provides essential instruction for anyone preparing for the AWS Solutions Architect – Associate exam.</p><p>This Total Seminars course covers the exam certification topics. For information on additional study resources—including practice tests, lab simulations, books, and discounted exam vouchers—visit <a href=""https://www.totalsem.com/linkedin/"" target=""_blank"">totalsem.com/linkedin</a>. LinkedIn Learning members receive special pricing.</p><p>This course was created by Total Seminars. We are pleased to offer this training in our library.</p>",Course,2024-11-05 23:52 UTC,N/A,false,N/A,
Nano Tips for Developing Magnetic Charisma with Shadé Zahrai,"Welcome to our <i>Nano Tips</i> series, where LinkedIn Learning creators deliver impactful lessons in literally seconds. In this installment, find out why charisma is such a valuable skill and how you can develop your own charisma with ease, exploring key insights from award-winning leadership strategist and peak performance specialist Shadé Zahrai.<br><br>Gather strategies to build authentic charisma to start creating better first impressions and new connections today. Get tips on energizing others with charismatic presence and magnetic communication. Along the way, Shadé shows you techniques for using eye contact, pauses, presentation starts, tension-building tools, simplified language, genuine care, and more.",Course,2022-10-07 11:42 UTC,N/A,false,N/A,
The Secret to Better Decisions: Stop Hoarding Chips,"All day, we make decisions—from what to have for lunch to whether or not to shut down a product line. These decisions shape our careers and haunt our dreams.
<br><br>
It turns out that people aren’t very good at making decisions, and the main reason is simple: we hoard our chips. We overvalue things we’ve built, experiences we’ve endured and assets we’ve acquired. As a result, we get stuck. Too many dead ends and too many regrets.
<br><br>
The promise of this course is simple: You and your coworkers will finally be able understand why we get stuck and what to do about it. With engaging stories and a new way to talk about the issue, Seth Godin helps you see how to stop being manipulated and start leading instead.",Course,2021-12-26 14:45 UTC,N/A,false,N/A,
Overcoming Imposter Syndrome,"Those who experience imposter syndrome often believe they are inferior to others or have faked their way into positions despite impressive accomplishments. Up to 70% of both women and men, especially high-achievers, experience imposter syndrome at some point in their career. This false belief system leads some people to self-sabotage, turn down career and growth opportunities, and limit their own career trajectories. Join instructor Carolyn Goerner as she explains the different types of imposter syndrome and shares constructive ways you can begin to overcome this negative thought cycle.",Course,2021-07-28 13:24 UTC,N/A,false,N/A,
Strategic Partnerships: Ecosystems and Platforms,"No firm can go it alone today—your success depends on working with partners. That is how Microsoft, Apple, Google, Amazon, and other leading companies won in their markets. Partnership expert Ben Gomes-Casseres explains how to gain an edge in the market by collaborating with multiple partners in your business ecosystem. Learn the fundamentals of ecosystem strategies, including building network advantages, selecting partners, organizing your group, igniting growth, and sharing value with your partners. Ben also reviews how to launch and scale a digital platform that connects the many players in your ecosystem.",Course,2021-04-25 15:26 UTC,N/A,false,N/A,
Create a Go-to-Market Plan (2020),"When you launch a new product or enter a new market, it's crucial to have both a roadmap that sets you up for success and the means to track the growth of your program. In this course, discover how to build and develop a go-to-market (GTM) plan for your next product or service. Join renowned marketing author Deirdre Breakenridge as she takes you through the steps needed to bring your product or service to the world. Deirdre helps you discern whether you need a GTM plan, and shows how to build a product strategy that's tailored to the market and customer base you aim to reach. She shares methods for pricing and promotion, and explains how to drive better channel performance, evaluate KPIs and metrics, and more.",Course,2021-02-11 12:44 UTC,N/A,false,N/A,
Python Quick Start (2019),"Get a fast-paced introduction to Python. In this course, you can learn what Python is and why it's become such a powerful and in-demand programming language. Python expert and trainer Lavanya Vijayan shares the fundamentals of programming in Python with data types, variables, functions, sequences, conditional statements, iteration, and recursion. The course concludes with a short introduction to object-oriented programming in Python. Learning a new programming language shouldn't be hard; with this course, you can learn the basics you need to become proficient in Python, and decide if it’s the right language for your projects.<br><br>

This course was created by <a href=""http://www.onlymadecraft.com"" target=""_blank"">Madecraft</a>. We are pleased to host this content in our library.<br><br><img src=""https://media.licdn.com/media/AAYAAgCwAAoAAQAAAAAAAHppnBQxgeyWS2CsU3aDDPcMgw.jpg"" height=""25%"" width=""25%"">",Course,2020-04-20 00:03 UTC,N/A,false,N/A,
Using Brain Science to Find Your Calling,"When you're in your groove and doing something you know is totally your jam, there's nothing quite like it. The combination of doing something you love and doing something you're good at has tons of positive benefits, but how do you achieve it? In this short, interview-style course, Dr. Eugene Choi shares his tips for using neuroscientific methods to help you find the tasks and activities that you love and are good at. Dr. Choi covers the different types of callings that can provide this feeling for you, whether in work or personal life. He reviews how brain science and your calling are related, then goes over how you can use this science to uncover your calling and realize the benefits. Dr. Choi shares his tips for getting clarity, conducting check-ins with yourself, and ultimately making changes, based on what you uncover. You'll leave this course feeling empowered to tap into your passions and embrace your calling.
<br><br>This course was created by <a href=""http://www.onlymadecraft.com"" target=""_blank"">Madecraft</a>. We are pleased to host this training in our library.<br><br><img src=""https://media.licdn.com/media/AAYAAgCwAAoAAQAAAAAAAHppnBQxgeyWS2CsU3aDDPcMgw.jpg"" height=""20%"" width=""20%"">",Course,2021-11-22 04:19 UTC,N/A,false,N/A,
Effective Listening,"<p>Listening is a critical competency, whether you are interviewing for your first job or leading a Fortune 500 company. Surprisingly, relatively few working professionals have ever had any formal training in how to listen effectively. In this course, communications experts Tatiana Kolovou and Brenda Bailey-Hughes show how to assess your current listening skills, understand the challenges to effective listening (such as distractions!), and develop behaviors that will allow you to become a better listener—and a better colleague, mentor, and friend. </p><p>This course is part of a <a href=""https://www.linkedin.com/learning/paths/essential-business-communication-skills-professional-certificate-by-linkedin-learning"" target=""_blank"">Professional Certificate</a> from LinkedIn Learning.</p>",Course,2020-12-26 15:39 UTC,N/A,false,N/A,
Google Cloud Platform for Enterprise Essential Training (2021),"Is Google Cloud Platform (GCP) the right choice for your enterprise application? GCP now has the enterprise-level features large organizations demand: IAM security, custom encryption, NoSQL database support, and cloud-native continuous integration and deployment. This course helps enterprise architects, network admins, and technology stakeholders evaluate and implement GCP services for their organizations. Learn how GCP addresses enterprise concerns—from reliability to partner integration—and discover the scenarios where it shines, including data warehousing and disaster recovery. See how GCP solutions—serverless computing, data storage, and data pipelines—map to these different scenarios, and explore the developer and DevOps tools that Google provides for building your own custom solutions. Along the way, instructor Lynn Langit shows how to use GCP to manage virtual machines, Docker containers, Kubernetes clusters, relational data stores, NoSQL data, data lakes, and more. She also shares practical tips for saving money, planning deployments, and integrating compatible services.",Course,2021-03-28 20:15 UTC,N/A,false,N/A,
Computer and Text Neck Stretching Exercises,"Our necks bear the brunt of the stress when we spend too much time looking at screens. Taking a break is the best solution, but sometimes we can’t afford to go offline. Luckily, with simple corrections to your posture and typing habits, you can eliminate injury to this sensitive area. Join Dr. Baxter Bell for this series of exercises that can help relieve and prevent neck pain. Discover the proper way to stretch your back and neck, lengthen your neck muscles and upper spin, deepen your breath, and get the blood flowing through your body. Plus, learn a simple exercise that will benefit your neck and your wrists.<br><br>

Note: This course was created and produced by <a href=”https://www.desk-yogi.com” target=”_blank”>Desk Yogi</a>.",Course,2020-11-13 20:14 UTC,N/A,false,N/A,
Body Language for Leaders (2019),"Research shows that when your verbal and nonverbal signals are out of alignment, people are forced to choose between what they hear and what they see. And subconsciously, they'll believe your body language. In this course, workplace body-language expert Carol Kinsey Goman, PhD, reveals how body language is perceived and often misread, and shares tips for making a positive first impression within the first few seconds of any interaction. She also discusses the role of body language in cross-cultural communication, delves into the importance of body language for leaders, and shows how you can establish leadership presence. Finally, she provides simple and effective tips on communicating with gestures and stance.",Course,2021-11-27 02:46 UTC,N/A,false,N/A,
SOLIDWORKS: Designing for Consumer Electronics,"Consumer electronics are all around us, and new products are created every year. In this course, instructor Johno Ellison teaches the basics of designing these items in SOLIDWORKS. Through this project-based course, he shows you how to design a game controller using SOLIDWORKS features like lofts, fillets, mirroring, and shell. Course projects include creating an assembly, adding fastening details, and even creating the buttons, joystick, and printed circuit board that go into the controller. Johno concludes with a discussion of development and potential next stages in the design process.",Course,2021-09-13 22:50 UTC,N/A,false,N/A,
Creating Great First Impressions,"First impressions matter. Whether you're walking into a meeting, interview, or negotiation, you need to know how to instantly build rapport. Luckily, the ability to make a lasting first impression isn't an innate skill; there's actually a science to it. In this course, Vanessa Van Edwards—lead investigator at Science of People, a human behavior research lab—shares research-backed strategies that can help you make the first few seconds of any interaction count. Vanessa dives into the body language that is essential to an engaging first impression, the vocal cues that help you sound confident both in person and on the phone, and the best opening lines for sparking a great conversation. Plus, get tips for changing dull small talk into a lively and memorable conversation.",Course,2020-05-20 11:01 UTC,N/A,false,N/A,
Be the Manager People Won't Leave,"<div><a href=""https://www.linkedin.com/newsletters/6457790820677410816?trk=lil-course-description"" target=""_blank"" class=""artdeco-button artdeco-button--1"">View Laurie's LinkedIn Newsletter</a></div><p>With the ""Great Reshuffle,"" employees are quitting their jobs at the highest rates in over 20 years, and 41% of the global workforce is considering leaving their jobs. Manager relationships are becoming the make-or-break point for whether employees stay or go. Join veteran HR leader Laurie Ruettimann as she reveals the data behind why it's more important than ever to be a manager who demonstrates empathy and inspires loyalty from the workforce. Laurie covers basics first: be someone people can trust, be an example of integrity, and be relentlessly inclusive. She steps you through ways to inspire your employees to grow. Laurie finishes up by showing you how you can help your team members love their work by being a next-level mentor, a fun-loving boss, and a leader who is genuinely invested in your employees’ well-being.</p>",Course,2021-11-23 14:32 UTC,N/A,false,N/A,
Career Wellness Nano Tips with Shadé Zahrai,"Welcome to our <i>Nano Tips</i> series, where LinkedIn Learning creators deliver impactful lessons in literally seconds.<br><br>In this course, get some quick tips on how to better manage your work life and career. Check out some practical advice on workload prioritization, emotional self-regulation, and managing overwhelming work experiences. Also learn how to bring empathy to work, receive feedback with confidence, and even find out the real reason behind procrastination.",Course,2022-06-04 16:14 UTC,N/A,false,N/A,
B2B Sales Strategy: Pre-call Prep for Virtual or In-Person Deals,"There’s an old saying, “Luck is what happens when preparation meets opportunity.” If you work in sales, you have to be ready when your opportunities arise, and in this course, Lisa Magnuson shows you how to optimize your sales call preparation so you can maximize your chances of closing the deal. Lisa shares the lessons she’s learned from a career in sales, which she’s developed and refined into her 100% Confidence Call Sheet. If you’re looking for simple, practical, and action-oriented preparation advice that will help you with any prospect call, join Lisa in this course.",Course,2022-03-22 00:06 UTC,N/A,false,N/A,
Get Unstuck: Make a Plan to Move Your Career Forward,"Momentum is motivating. So what do you do when you feel like you’re not moving forward in your career? “Stuckness” is a real issue in the modern workplace. But it doesn’t have to end with you leaving your company or industry. Learn how to advance your career by identifying what you don’t like about your job and being proactive about asking for what you need. Emilie helps you practice self-advocacy, clarify your goals, understand your audience, and make your move. Using these tips, you can turn your current rut into an opportunity to scale new career heights.",Course,2021-12-19 15:46 UTC,N/A,false,N/A,
Betty Liu on Career Success,"Betty Liu is a LinkedIn Influencer and anchor for Bloomberg Television. She is also founder of Radiate (RadiateInc.com), which focuses on management and leadership content. Betty asks the hard questions of world leaders and industry titans like Bill Clinton, Elon Musk, Warren Buffett, Jamie Dimon, and many more. Her experience in the business world has led her to author books and host the popular Radiate podcast, which have helped thousands explore new career opportunities and make smarter career decisions. Here Betty shares her take on the most common and pressing topics when it comes to job seeking and career success.<br><br>

Learn what it takes to<br><ul>
<li>Find your passion</li>
<li>Be an outstanding job candidate</li>
<li>Interview well</li>
<li>Overcome fear</li>
<li>Make a career change</li>
<li>Network and find mentors</li>
</ul>",Course,2020-04-27 23:55 UTC,N/A,false,N/A,
CONTENT METADATA NO LONGER EXISTS - urn:li:lyndaCourse:2811722,CONTENT METADATA NO LONGER EXISTS - urn:li:lyndaCourse:2811722,Course,2020-06-02 03:59 UTC,N/A,false,N/A,
Shane Snow on Storytelling,"Storytelling is a powerful way to make people care about products, brands, and causes. It can facilitate sales, marketing, presentations, and about any other task that requires a human connection. LinkedIn Influencer and best-selling business author Shane Snow shares his approach to crafting compelling stories. Learn how to make people care with personal stories, brand stories, or any other kind of story—using the core elements of narrative and established storytelling frameworks. Find out how to maximize connections with your audience and create a culture of storytelling throughout your organization.",Course,2021-07-10 11:19 UTC,N/A,false,N/A,
Become a Chief of Staff,"The chief of staff role has moved beyond politics and into corporations of all sizes. Brian Rumao has been the chief of staff to the CEO of LinkedIn, Jeff Weiner, for the last five years and in this course he shares his advice and experiences with you. Learn the common responsibilities and characteristics of a great chief of staff, how to get hired, and how to get off to a strong start. Discover best practices for managing operations, strategic initiatives, and leadership communications. Plus, get tips to make you more successful as you help the CEO, executive team, and company be more productive and effective. These lessons provide a launchpad for anyone who wants to become a chief of staff and succeed in this fast-growing, unique, and rewarding position.",Course,2020-05-22 16:28 UTC,N/A,false,N/A,
Cloud Security Architecture for the Enterprise (2022),"<p>In this course, cloud and cybersecurity expert Karl Ots walks you through the core design pillars of a strong cloud security architecture. Karl takes a vendor-agnostic look at what should be built into a cloud security architecture and why. After completing this course, you should be able to build a securely architected cloud environment that fits the risk appetite and governance requirements of your organization’s cloud environment. </p><p>This course is part of a <a href=""https://www.linkedin.com/learning/paths/cloud-strategy-professional-certificate-by-linkedin-learning"" target=""_blank"">Professional Certificate</a> from LinkedIn Learning.</p>",Course,2022-12-22 00:18 UTC,N/A,false,N/A,
After Effects 2020 New Features,"After Effects 2020 is here. Want to know how this new version will impact your motion graphics workflow? This course covers the latest upgrade, focused around the new, more powerful Content-Aware Fill. Discover how to remove an object, create a reference frame, and remove a logo on a smooth surface with this intelligent editing tool. Instructor Mark Christiansen provides practical tips to help you get the most from this forward-looking update.",Course,2020-05-12 01:05 UTC,N/A,false,N/A,
Operational Excellence Work-Out and Kaizen Facilitator,"If you are assigned to lead a Lean Six Sigma Work-Out or Kaizen event in your organization, where do you start? This course provides training on how to prepare, plan, and conduct these intensive working sessions. Dr. Richard Chua—an author, professor, and certified Lean Six Sigma Master Black Belt trainer—explains what a Work-Out or Kaizen event is and how to prepare and plan, including developing the purpose, scope, and detailed agenda; selecting Lean Six Sigma tools; and deciding who to invite. He also shows how to conduct different types of events and follow-up. Sample detailed agendas are provided.<br><br>

Note: This course does not cover general meeting facilitation. It is specific to planning Work-Outs and Kaizen events. Any prerequisite training in the Operational Excellence and Six Sigma learning paths should be completed beforehand.",Course,2021-12-23 01:31 UTC,N/A,false,N/A,
Drawing Foundations: Figure,"Learn the foundations of figure drawing: techniques for bringing the human form to life on paper. Artist and teacher Amy Wynne breaks down a classical approach to figure drawing into simple steps: capturing gesture and motion, mapping out structure and form, understanding the common ""landmarks"" of the body, drawing proportionally, and adding volume with shapes and shadows. Filmed on premise in a professional art studio, this course shows how to work with live models and different drawing materials. It's ideal for beginners who are just learning to draw the human figure as well as experienced artists who want to brush up their drawing skills. Follow along with Amy's tutorials and then use the worksheets and sample poses in the exercise files to practice figure drawing in your own time.",Course,2020-04-26 20:12 UTC,N/A,false,N/A,
Excel: Value Stream Mapping,"<p>Value stream mapping is a method for documenting business processes, allowing project managers and analysts to analyze the different states and identify areas of improvement. This course shows how to create value stream maps using Excel and PowerPoint. Learn how to document two real-world processes—a manufacturing process and a service process—by calculating measures for various subprocesses, such as process time, cycle time, process utilization, and information flow time, and visualize the results in PowerPoint or other tools. By the end of the course, you will have a basic understanding of value stream maps and be able to create them using these popular Office apps. </p><p>This course is part of a <a href=""https://www.linkedin.com/learning/paths/cscmp-supply-chain-foundations-manufacturing-and-service-operations-professional-certificate"" target=""_blank"">Professional Certificate</a> from CSCMP.</p>",Course,2021-12-03 02:33 UTC,N/A,false,N/A,
Brad Feld on Raising Capital,"To get a business off the ground or take it to the next level, entrepreneurs often need extra cash. Venture financing, where money is raised from venture capital firms or individual investors as opposed to a public institution like a bank, is a popular avenue. But how do you decide if financing makes sense for your business? How much money do you need? And who do you ask? Brad Feld is an investor who has overseen thousands of rounds of venture financing, enabling companies like Zynga, MakerBot, and Fitbit to grow from startups to established enterprises. In this course, he walks you through the process of evaluating, finding, and securing funding for your business. Learn about the different stages of financing, the many types of investors, and different avenues of funding: traditional convertible debt and equity and newer practices such as crowdfunding and pre-sales. Brad helps you zero in on a solution that's right for your business and develop a mindset for success.",Course,2020-12-17 12:37 UTC,N/A,false,N/A,
Green Screen Techniques for Video and Photography,"Learning to shoot green screen removes many time and budget limitations. Instead of scouting and shooting on location—a prohibitive expense for most productions—you can digitally recreate the background of your scene. This course takes you through the steps of shooting both photography and video on green screen. Authors Rich Harrington and Abba Shapiro walk you through the process of preparing a live action set, from hanging the backdrop to lighting the subject with strobes; positioning and posing your subject; and completing the scene with post-production techniques in Adobe After Effects, Photoshop, and Premiere Pro. Learn how to composite your footage against a new digital background plate, match the color and exposure, adjust focus, and perform keying for motion.<br><br>This course was created by RHED Pixel. We are pleased to offer this training in our library.",Course,2020-12-15 13:19 UTC,N/A,false,N/A,
ISC2 Certified Information Systems Security Professional (CISSP) (2024) Cert Prep,"<p>In this course, instructor and cybersecurity expert Mike Chapple covers the entire set of information you need to know as you prepare for the ISC2 Certified Information Systems Security Professional (CISSP) certification.  The CISSP is one of the most in-demand certifications for security professionals. Learn about security and risk management and asset security. Explore security architecture and engineering. Learn about communication and network security, as well as identity and access management (IAM). Go over security assessment, testing, and operations. Plus, gain valuable insights into software development security. This course gets your preparations for the CISSP exam off to a great start.
</p>
<p>This course was created by Mike Chapple. We are pleased to host this training in our library.</p>",Course,2024-12-08 03:29 UTC,N/A,false,N/A,
Python for Students (2019),"There is no better time to learn Python than when you are young. Python is a powerful language for automation, game development, and web programming, and a great choice if you’re just starting to learn how to write code. The skills you learn in Python can translate C++, Ruby, and JavaScript. In this course—designed specifically for high-school and college-age students—you can learn how to use Python at an introductory level. Explore variables and functions, calculations, if-else statements, loops, and lists, and then build a complete Python project. Plus, find out where to go to learn more and how to join the Python community.

<br><br>This course was created by <a href=""http://www.onlymadecraft.com"" target=""_blank"">Madecraft</a>. We are pleased to host this content in our library.<br><br><img src=""https://media.licdn.com/media/AAYAAgCwAAoAAQAAAAAAAHppnBQxgeyWS2CsU3aDDPcMgw.jpg"" height=""25%"" width=""25%"">",Course,2020-04-19 12:08 UTC,N/A,false,N/A,
Learning Industrial Automation,"<p>Industrial automation is the use of computers and robots to control industrial processes, like manufacturing, without significant human intervention. Used correctly, automation can increase the quality, safety, and accuracy of these processes. It's the job of the <em>people</em> in industrial automation to design the systems, configure the controllers, and monitor the processes. This course provides an overview of the topic, designed to help anyone hoping to enter the field in a role such as electrical or mechanical engineer, automation technician, or design manager.</p><p>Learn about the components and networks involved at each level of automation: field level, control level, and management level. Explore the different devices involved, from the programmable logic controllers (PLCs) on the factory floor, to OPC software that give technicians insights into operations. Instructor Zara Khalil, an engineer and educator, also provides an overview of SCADA (supervisory control and data acquisition), an industrial control system architecture that enables supervision over large distances and multiple sites. </p><p>This course is part of a <a href=""https://www.linkedin.com/learning/paths/cscmp-supply-chain-foundations-manufacturing-and-service-operations-professional-certificate"" target=""_blank"">Professional Certificate</a> from CSCMP.</p>",Course,2020-05-12 01:06 UTC,N/A,false,N/A,
Creating Your Personal Brand,"Your personal brand is your reputation and legacy. A strong personal brand can lead to job and career opportunities. A weak personal brand leaves you liable to be passed by. In this course, personal branding expert Lida Citroën helps you identify what your personal brand is now and align it with the brand you want for yourself in the future. In the process, she helps you target the individuals or groups who have the opportunities you seek, strategize the marketing for your brand, and identify who you need to know and where to find them. She also helps you figure out how to portray your personal brand on social media outlets such as LinkedIn, Facebook, and YouTube. Plus, learn how to craft an elevator pitch for your personal brand so you can make a good impression even on short notice.",Course,2021-03-09 19:24 UTC,N/A,false,N/A,
Enterprise Architecture in Practice,"Enterprise architecture (EA) is largely an art that's best taught by example. The alignment of technology and business strategies requires a nuanced understanding of how to manage people, processes, and the technical assets that power an organization. In this course, Dave Swersky focuses on the practical applications of EA as he steps through the technological transformation of a fictional company, Brick & Mortar. Throughout the course, Dave shows how an executive would assess the technology in use by Brick & Mortar, and then create and execute a plan to modernize. Learn how to build your EA team and produce roadmaps for strategic planning. Plus, discover what the day-to-day operations of an EA team looks like, as well as how to tackle common challenges.",Course,2023-07-09 16:54 UTC,N/A,false,N/A,
Jodi Glickman on Pitching Yourself (2018),"Pitching is a universal skill. The time will come when you need to pitch an idea, a project, or even yourself. But you may stumble when the moment strikes—if you don't have a quick and effective process to nail the pitch. In this free course, thought leader Jodi Glickman shares her go-to approach for selling your ideas, your story, and yourself. Learn three easy steps to a successful pitch: destination, backstory, and connecting the dots.",Course,2020-04-24 20:00 UTC,N/A,false,N/A,
Becoming Head of Sales: Developing Your Playbook,"Throughout his decade-long tenure as the head of sales at LinkedIn, Mike Gamson has amassed a wealth of knowledge on the topic of sales leadership. In this course, Mike shares what he knows with you, spelling out how to run a successful sales team. Discover how to develop a strong, consistent leadership voice, inspire your team, and define your objectives. Plus, learn how to establish your core principles; implement global and local strategies; execute your tactics; and observe, analyze, and adjust to ensure that you're able to grapple with any missteps.",Course,2021-07-04 14:02 UTC,N/A,false,N/A,
Executive Presence on Video Conference Calls,"Learn how to shine on video conference calls. Communication consultant Jessica Chen provides expert advice to look and sound confident, collected, and smart on your next conference call or video presentation. Discover how to prepare your material, how to contribute to the call, and how to incorporate engaging visuals. Get body language, posture, and wardrobe tips to make a powerful impression. Finally, learn the technical details to building a mini ""studio"" for conducting calls, including choosing a webcam, lighting yourself, and placing a microphone for quality sound. <br><br>Note: This course was featured in <i>Market Watch</i>, <i>Inc.</i>, <i>Fortune</i>, <i>Forbes</i>, and <i>Entrepreneur</i>.",Course,2020-04-16 00:47 UTC,N/A,false,N/A,
Alteryx Analytics Tips and Tricks,"<p>It isn’t hard to figure out why Alteryx has become such a popular, talked-about business solution. The easy-to-use, AI-powered analytics platform allows you to streamline and automate data preparation and analytics to boost decision-making outcomes across your enterprise. It’s particularly useful if you’re a data scientist, a data analyst, or a business leader who manages large amounts of data.</p><p>Join instructor Kate Strachnyi in this course as she demonstrates analytics tips and tricks to help you get the most out of the Alteryx experience. Learn how to use basic Alteryx tools and functions to prepare and analyze data like a pro, gathering insights for importing and pasting data, commenting on formulas, adding images, using the data quality bar, leveraging the Auto Field tool, filtering and sorting data, troubleshooting, and more. By the end of this course, you’ll be equipped with a new set of analytics techniques to optimize efficiency and business performance.</p>",Course,2025-06-02 02:19 UTC,N/A,false,N/A,
Nano Tips to Foster a Growth Mindset and Mental Agility with Shadé Zahrai,"<p>Welcome to our Nano Tips series, where LinkedIn Learning creators deliver impactful lessons in literally seconds.</p>

<p>In this installment award-winning leadership strategist and peak performance specialist Shadé Zahrai shows you how you can succeed professionally and in life using a growth mindset and mental agility.</p>

<p>Shadé explains how to master your inner dialogue by tapping into the power of “yet”, shifting your focus to possibility, and using language for growth. She covers ways to overcome obstacles through changing your perspective on failure, emphasizing growth over speed, and detaching from external approval. Plus, Shadé gives you several practical tips on how you can apply a growth mindset toward others in how you respond to compliments and how you give and receive feedback.</p>
 
<p>This course was created by Shadé Zahrai. We are pleased to host this training in our library.</p>",Course,2023-04-20 11:52 UTC,N/A,false,N/A,
Disrupting Yourself,"""Disruptors"" secure a foothold by coming up with ideas and innovations that eventually upend their entire community or industry. Disrupting yourself is the secret to breaking into a new field, never settling for less, and achieving more. In this course, author, <em>Harvard Business Review</em> blogger, and consultant Whitney Johnson walks you through her seven-step model to disrupt yourself and move to the next level in your career. Discover how to take the right risks, play to your strengths, embrace constraints, and more in this short course.",Course,2020-03-17 21:56 UTC,N/A,false,N/A,
Developing Executive Presence,"Learn to project self-confidence, clarity, and credibility even under conditions of stress, pressure, and uncertainty. In this course, John Ullmen, PhD, a professor from the UCLA Anderson School of Management, shares key research insights and step-by-step methods he uses to coach leaders around the world to develop executive presence. He outlines the four key factors that drive executive presence, and the specific actions that make them work for you.  He also explains the difference between internal and external presence, and how to enhance both to increase your self-assurance and self-possession. He addresses how to do all of this without being fake or feeling inauthentic, and how to be ""fully present, persistently.""",Course,2020-05-01 13:09 UTC,N/A,false,N/A,
"Management Excellence at Microsoft: Model, Coach, Care","The role of the manager is arguably one of the most important roles in any organization. Providing managers with clear expectations of their role, and how it aligns with the goals of the organization is critical. In this course, learn how Microsoft, a company recognized for its leadership excellence, grows and cultivates managers with a simple and easily applied framework: Model, Coach, Care.
Join Joe Whittinghill, Corporate Vice President, Talent, Learning, and Insights, along with Satya Nadella, Kathleen Hogan, Jason Zander, Jean-Philippe Courtois, and Amy Hood as they share the approach to manager excellence and keys to empowering managers to deliver success. Through the passion and dedication of these members, explore and reflect on management behaviors and how this framework can be applied to your practice as a manager.",Course,2022-03-30 13:16 UTC,N/A,false,N/A,
Executive Leadership (2019),"In this course, author John Ullmen, PhD, gives you the keys to the C suite: a look at executive leadership qualities that set the best apart from the rest. Discover the importance of knowing how to set a foundation and direction, create a compelling vision of the future for your company, motivate your staff to achieve, and much more. The course also looks at the importance of maintaining a mentality of service as you move up the org chart.",Course,2021-03-05 11:53 UTC,N/A,false,N/A,
NX: Class A Surfacing,"Class A surface modelers are called digital sculptors for a reason: the Class A surface represents the absolute peak of styling for freeform surfaces. For this reason, the class A technique is used to design automobiles, high-end products like mobile phones, and aerospace craft, where the shapes must be of the highest quality. This course introduces the concepts behind Class A surfacing, including an explanation of key terms and their roots in shipbuilding history. You also learn the fundamentals of Class A surfacing design—from deriving curves to creating mesh surfaces—and find out how to implement these techniques in Siemens NX, a high-end CAD platform. Instructor Steven Marjieh also shows how to assemble the final form, and perform an analysis to ensure your designs meet the original engineering and styling intents.",Course,2021-09-06 18:00 UTC,N/A,false,N/A,
Uncovering Your Authentic Self at Work,"Despite decades of diversity and inclusion efforts, people sometimes feel forced to choose between being included and being themselves. Join Kenji Yoshino, renowned NYU Law professor and director of the Center for Diversity, Inclusion, and Belonging, to learn about covering, a strategy that people may use to downplay a stigmatized identity and blend into the mainstream. This course explores the four dimensions of covering, provides quantitative and qualitative data on covering in corporate America, and presents strategies for “uncovering talent” and contributing to a more authentic workplace.",Course,2021-12-27 15:01 UTC,N/A,false,N/A,
CONTENT METADATA NO LONGER EXISTS - urn:li:lyndaCourse:2819030,CONTENT METADATA NO LONGER EXISTS - urn:li:lyndaCourse:2819030,Course,2020-05-02 13:28 UTC,N/A,false,N/A,
