Login Date,IP Address,User Agent,Login Type
Tue Jul 04 19:52:18 UTC 2023,2603:6080:e800:3dd4:2801:386b:acb0:af24,"Mozilla/5.0 (Macintosh; Intel Mac OS X 10_15_7) AppleWebKit/605.1.15 (KHTML, like Gecko) Version/16.5.1 Safari/605.1.15",Login
Tue Jul 04 19:52:29 UTC 2023,2603:6080:e800:3dd4:2801:386b:acb0:af24,"Mozilla/5.0 (Macintosh; Intel Mac OS X 10_15_7) AppleWebKit/605.1.15 (KHTML, like Gecko) Version/16.5.1 Safari/605.1.15",Login
Mon Jul 24 17:40:18 UTC 2023,2600:1011:b194:a28:c8ae:f14b:fb45:ab6,"Mozilla/5.0 (Macintosh; Intel Mac OS X 10_15_7) AppleWebKit/605.1.15 (KHTML, like Gecko) Version/16.5.2 Safari/605.1.15",Login
Sat Aug 12 16:40:17 UTC 2023,198.24.82.2,"Mozilla/5.0 (Macintosh; Intel Mac OS X 10_15_7) AppleWebKit/605.1.15 (KHTML, like Gecko) Version/16.5.2 Safari/605.1.15",Login
Wed Aug 23 04:19:45 UTC 2023,2603:6080:e800:3dd4:cd6d:7070:7ad6:d99d,"Mozilla/5.0 (Macintosh; Intel Mac OS X 10_15_7) AppleWebKit/605.1.15 (KHTML, like Gecko) Version/16.5.2 Safari/605.1.15",Login
Wed Aug 23 04:19:53 UTC 2023,2603:6080:e800:3dd4:cd6d:7070:7ad6:d99d,"Mozilla/5.0 (Macintosh; Intel Mac OS X 10_15_7) AppleWebKit/605.1.15 (KHTML, like Gecko) Version/16.5.2 Safari/605.1.15",Login
Mon Aug 28 11:00:00 UTC 2023,2603:6080:e800:3dd4:bd33:fbe8:ee41:65d,"Mozilla/5.0 (Macintosh; Intel Mac OS X 10_15_7) AppleWebKit/605.1.15 (KHTML, like Gecko) Version/16.5.2 Safari/605.1.15",Login
Mon Aug 28 11:00:08 UTC 2023,2603:6080:e800:3dd4:bd33:fbe8:ee41:65d,"Mozilla/5.0 (Macintosh; Intel Mac OS X 10_15_7) AppleWebKit/605.1.15 (KHTML, like Gecko) Version/16.5.2 Safari/605.1.15",Login
Wed Sep 13 19:08:04 UTC 2023,2600:1004:b04b:56f0:c9d7:2776:295f:6a3e,"Mozilla/5.0 (iPhone; CPU iPhone OS 16_6_1 like Mac OS X) AppleWebKit/605.1.15 (KHTML, like Gecko) Mobile/15E148",Login
Sat Oct 14 01:49:05 UTC 2023,2603:6080:e800:3dd4:d8a6:6110:bc34:6a06,"Mozilla/5.0 (Macintosh; Intel Mac OS X 10_15_7) AppleWebKit/605.1.15 (KHTML, like Gecko) Version/17.0 Safari/605.1.15",Login
Sun Oct 15 19:03:05 UTC 2023,198.24.82.2,"Mozilla/5.0 (Macintosh; Intel Mac OS X 10_15_7) AppleWebKit/605.1.15 (KHTML, like Gecko) Version/17.0 Safari/605.1.15",Login
Sun Oct 15 19:03:13 UTC 2023,198.24.82.2,"Mozilla/5.0 (Macintosh; Intel Mac OS X 10_15_7) AppleWebKit/605.1.15 (KHTML, like Gecko) Version/17.0 Safari/605.1.15",Login
Sun Oct 15 19:03:18 UTC 2023,198.24.82.2,"Mozilla/5.0 (Macintosh; Intel Mac OS X 10_15_7) AppleWebKit/605.1.15 (KHTML, like Gecko) Version/17.0 Safari/605.1.15",Login
Sun Oct 29 18:22:55 UTC 2023,2603:6080:e800:3dd4:c190:e936:f532:cecf,"Mozilla/5.0 (Macintosh; Intel Mac OS X 10_15_7) AppleWebKit/537.36 (KHTML, like Gecko) redact/0.17.4 Chrome/114.0.5735.248 Electron/25.3.2 Safari/537.36",Login
Thu Nov 02 18:11:34 UTC 2023,198.24.82.2,"Mozilla/5.0 (Macintosh; Intel Mac OS X 10_15_7) AppleWebKit/605.1.15 (KHTML, like Gecko) Version/17.0 Safari/605.1.15",Login
Sun Nov 05 19:06:28 UTC 2023,2603:6080:e800:3dd4:95ea:eb58:6b85:568a,"Mozilla/5.0 (Macintosh; Intel Mac OS X 10_15_7) AppleWebKit/605.1.15 (KHTML, like Gecko) Version/17.0 Safari/605.1.15",Login
Thu Nov 30 22:19:05 UTC 2023,2603:6080:e800:3dd4:e4d1:e371:5bdf:3d62,"Mozilla/5.0 (Macintosh; Intel Mac OS X 10_15_7) AppleWebKit/605.1.15 (KHTML, like Gecko) Version/17.1.2 Safari/605.1.15",Login
Tue Dec 26 10:15:29 UTC 2023,2603:6080:e800:3dd4:11:2304:e7c2:84ef,"Mozilla/5.0 (Macintosh; Intel Mac OS X 10_15_7) AppleWebKit/605.1.15 (KHTML, like Gecko) Version/17.2.1 Safari/605.1.15",Login
Wed Jan 03 02:58:39 UTC 2024,2603:6080:e800:3dd4:3d2f:f498:f634:2299,"Mozilla/5.0 (Macintosh; Intel Mac OS X 10_15_7) AppleWebKit/605.1.15 (KHTML, like Gecko) Version/17.2.1 Safari/605.1.15",Login
Wed Jan 17 22:04:48 UTC 2024,2603:6080:e800:3dd4:c9c2:6fca:ccc4:d9dc,"Mozilla/5.0 (Macintosh; Intel Mac OS X 10_15_7) AppleWebKit/605.1.15 (KHTML, like Gecko) Version/17.2.1 Safari/605.1.15",Login
Fri Feb 09 23:58:16 UTC 2024,2603:6080:e800:3dd4:f408:11c3:eb2f:219f,"Mozilla/5.0 (Macintosh; Intel Mac OS X 10_15_7) AppleWebKit/605.1.15 (KHTML, like Gecko) Version/17.2.1 Safari/605.1.15",Login
Sat Feb 10 19:11:54 UTC 2024,2603:6080:e800:3dd4:157d:c39e:50fc:9461,"Mozilla/5.0 (Macintosh; Intel Mac OS X 10_15_7) AppleWebKit/605.1.15 (KHTML, like Gecko) Version/17.2.1 Safari/605.1.15",Login
Wed Feb 14 07:58:06 UTC 2024,2603:6080:e800:3dd4:6466:2782:f93e:d1e3,"Mozilla/5.0 (Macintosh; Intel Mac OS X 10_15_7) AppleWebKit/605.1.15 (KHTML, like Gecko) Version/17.2.1 Safari/605.1.15",Login
Thu Feb 15 04:05:24 UTC 2024,2603:6080:e800:3dd4:d814:dfcc:c87:fae3,"Mozilla/5.0 (Macintosh; Intel Mac OS X 10_15_7) AppleWebKit/605.1.15 (KHTML, like Gecko) Version/17.2.1 Safari/605.1.15",Login
Sat Feb 24 20:27:31 UTC 2024,2603:6080:e800:3dd4:60e0:db6f:77c9:f35e,"Mozilla/5.0 (Macintosh; Intel Mac OS X 10_15_7) AppleWebKit/605.1.15 (KHTML, like Gecko) Version/17.2.1 Safari/605.1.15",Login
Sun Feb 25 02:48:05 UTC 2024,2603:6080:e800:3dd4:60e0:db6f:77c9:f35e,"Mozilla/5.0 (Macintosh; Intel Mac OS X 10_15_7) AppleWebKit/605.1.15 (KHTML, like Gecko) Version/17.2.1 Safari/605.1.15",Login
Wed Feb 28 23:01:05 UTC 2024,2603:6080:e800:3dd4:51a2:2bf3:515e:3f6e,"Mozilla/5.0 (Macintosh; Intel Mac OS X 10_15_7) AppleWebKit/605.1.15 (KHTML, like Gecko) Version/17.2.1 Safari/605.1.15",Login
Wed Feb 28 23:16:09 UTC 2024,2603:6080:e800:3dd4:51a2:2bf3:515e:3f6e,"Mozilla/5.0 (Macintosh; Intel Mac OS X 10_15_7) AppleWebKit/605.1.15 (KHTML, like Gecko) Version/17.2.1 Safari/605.1.15",Login
Thu Feb 29 12:43:23 UTC 2024,2603:6080:e800:3dd4:51a2:2bf3:515e:3f6e,"Mozilla/5.0 (Macintosh; Intel Mac OS X 10_15_7) AppleWebKit/605.1.15 (KHTML, like Gecko) Version/17.2.1 Safari/605.1.15",Login
Thu Feb 29 19:02:42 UTC 2024,2603:6080:e800:3dd4:4878:56f5:9b05:7d38,"Mozilla/5.0 (Macintosh; Intel Mac OS X 10_15_7) AppleWebKit/605.1.15 (KHTML, like Gecko) Version/17.2.1 Safari/605.1.15",Login
Wed Mar 06 16:03:22 UTC 2024,2600:1004:b27c:e222:8eb:bb3e:9006:5164,"Mozilla/5.0 (Macintosh; Intel Mac OS X 10_15_7) AppleWebKit/605.1.15 (KHTML, like Gecko) Version/17.3.1 Safari/605.1.15",Login
Wed Mar 06 19:03:35 UTC 2024,199.255.9.114,"Mozilla/5.0 (Macintosh; Intel Mac OS X 10_15_7) AppleWebKit/605.1.15 (KHTML, like Gecko) Version/17.3.1 Safari/605.1.15",Login
Sat Mar 16 02:10:05 UTC 2024,12.139.205.150,"Mozilla/5.0 (Macintosh; Intel Mac OS X 10_15_7) AppleWebKit/605.1.15 (KHTML, like Gecko) Version/17.3.1 Safari/605.1.15",Login
Sat Mar 16 02:31:13 UTC 2024,12.139.205.150,"Mozilla/5.0 (Macintosh; Intel Mac OS X 10_15_7) AppleWebKit/605.1.15 (KHTML, like Gecko) Version/17.3.1 Safari/605.1.15",Login
Sat Mar 16 03:35:24 UTC 2024,12.139.205.150,"Mozilla/5.0 (Macintosh; Intel Mac OS X 10_15_7) AppleWebKit/605.1.15 (KHTML, like Gecko) Version/17.3.1 Safari/605.1.15",Login
Sat Mar 16 05:29:28 UTC 2024,12.139.205.150,"Mozilla/5.0 (Macintosh; Intel Mac OS X 10_15_7) AppleWebKit/605.1.15 (KHTML, like Gecko) Version/17.3.1 Safari/605.1.15",Login
Sun Mar 17 19:13:32 UTC 2024,2603:6080:e800:3dd4:411e:3766:551b:71d6,"Mozilla/5.0 (Macintosh; Intel Mac OS X 10_15_7) AppleWebKit/605.1.15 (KHTML, like Gecko) Version/17.3.1 Safari/605.1.15",Login
Mon Mar 18 03:37:28 UTC 2024,2603:6080:e800:3dd4:9466:5940:8c36:5658,"Mozilla/5.0 (Macintosh; Intel Mac OS X 10_15_7) AppleWebKit/605.1.15 (KHTML, like Gecko) Version/17.3.1 Safari/605.1.15",Login
Sat Mar 23 20:34:46 UTC 2024,2603:6080:e800:3dd4:ecd1:779d:4d5e:6604,"Mozilla/5.0 (Macintosh; Intel Mac OS X 10_15_7) AppleWebKit/605.1.15 (KHTML, like Gecko) Version/16.3 Safari/605.1.15",Login
Wed Mar 27 21:28:40 UTC 2024,2603:6080:e800:3dd4:d53:6a5f:d1cf:daf9,"Mozilla/5.0 (Macintosh; Intel Mac OS X 10_15_7) AppleWebKit/605.1.15 (KHTML, like Gecko) Version/17.3.1 Safari/605.1.15",Login
Wed Mar 27 21:49:08 UTC 2024,2603:6080:e800:3dd4:d53:6a5f:d1cf:daf9,"Mozilla/5.0 (Macintosh; Intel Mac OS X 10_15_7) AppleWebKit/605.1.15 (KHTML, like Gecko) Version/17.3.1 Safari/605.1.15",Login
Thu Mar 28 01:56:11 UTC 2024,2603:6080:e800:3dd4:a88c:acaf:31af:f82f,"Mozilla/5.0 (Macintosh; Intel Mac OS X 10_15_7) AppleWebKit/605.1.15 (KHTML, like Gecko) Version/17.3.1 Safari/605.1.15",Login
Sat Mar 30 13:22:20 UTC 2024,2603:6080:e800:3dd4:f060:b505:b6a8:afda,"Mozilla/5.0 (Macintosh; Intel Mac OS X 10_15_7) AppleWebKit/605.1.15 (KHTML, like Gecko) Version/17.3.1 Safari/605.1.15",Login
Sat Mar 30 13:32:17 UTC 2024,2603:6080:e800:3dd4:95:1624:22c5:7090,"Mozilla/5.0 (iPhone; CPU iPhone OS 17_3_1 like Mac OS X) AppleWebKit/605.1.15 (KHTML, like Gecko) Mobile/15E148",Login
Sun Mar 31 15:18:14 UTC 2024,2603:6080:e800:3dd4:ec3c:3a87:232e:1ac,"Mozilla/5.0 (iPhone; CPU iPhone OS 17_3_1 like Mac OS X) AppleWebKit/605.1.15 (KHTML, like Gecko) Mobile/15E148 [LinkedInApp]/9.29.4299.7",Login
Sun Mar 31 15:40:21 UTC 2024,2603:6080:e800:3dd4:ec3c:3a87:232e:1ac,"Mozilla/5.0 (iPhone; CPU iPhone OS 17_3_1 like Mac OS X) AppleWebKit/605.1.15 (KHTML, like Gecko) Mobile/15E148",Login
Mon Apr 01 13:13:12 UTC 2024,2603:6080:e800:3dd4:f0d4:44ae:7ba9:2579,"Mozilla/5.0 (Macintosh; Intel Mac OS X 10_15_7) AppleWebKit/605.1.15 (KHTML, like Gecko) Version/17.3.1 Safari/605.1.15",Login
Mon Apr 01 13:31:57 UTC 2024,2603:6080:e800:3dd4:f0d4:44ae:7ba9:2579,"Mozilla/5.0 (Macintosh; Intel Mac OS X 10_15_7) AppleWebKit/605.1.15 (KHTML, like Gecko) Version/17.3.1 Safari/605.1.15",Login
Tue Apr 02 16:48:00 UTC 2024,2603:6080:e800:3dd4:e85b:bf25:a8eb:3000,"Mozilla/5.0 (Macintosh; Intel Mac OS X 10_15_7) AppleWebKit/605.1.15 (KHTML, like Gecko) Version/17.3.1 Safari/605.1.15",Login
Wed Apr 03 02:57:15 UTC 2024,2603:6080:e800:3dd4:edd0:de99:1fb3:37b9,"Mozilla/5.0 (Macintosh; Intel Mac OS X 10_15_7) AppleWebKit/605.1.15 (KHTML, like Gecko) Version/17.4.1 Safari/605.1.15",Login
Fri Apr 05 05:45:49 UTC 2024,2603:6080:e800:3dd4:5c64:bea2:64c0:bfa6,"Mozilla/5.0 (Macintosh; Intel Mac OS X 10_15_7) AppleWebKit/605.1.15 (KHTML, like Gecko) Version/17.4.1 Safari/605.1.15",Login
Sat Apr 06 16:28:10 UTC 2024,2603:6080:e800:3dd4:4016:2512:623f:5480,"Mozilla/5.0 (Macintosh; Intel Mac OS X 10_15_7) AppleWebKit/605.1.15 (KHTML, like Gecko) Version/17.3.1 Safari/605.1.15",Login
Sat Apr 06 20:45:11 UTC 2024,2603:6080:e800:a26d:9918:f129:6fc0:ce6a,"Mozilla/5.0 (Macintosh; Intel Mac OS X 10_15_7) AppleWebKit/605.1.15 (KHTML, like Gecko) Version/17.4.1 Safari/605.1.15",Login
Sat Apr 06 20:57:39 UTC 2024,2603:6080:e800:a26d:9918:f129:6fc0:ce6a,"Mozilla/5.0 (Macintosh; Intel Mac OS X 10_15_7) AppleWebKit/537.36 (KHTML, like Gecko) Chrome/123.0.0.0 Safari/537.36",Login
Sat Apr 06 22:49:15 UTC 2024,2603:6080:e800:3dd4:f1d1:95f5:71e8:c8a0,"Mozilla/5.0 (Macintosh; Intel Mac OS X 10_15_7) AppleWebKit/605.1.15 (KHTML, like Gecko) Version/17.4.1 Safari/605.1.15",Login
Wed Apr 10 14:24:31 UTC 2024,2600:1004:b05f:7daa:7947:e828:bef9:ebec,"Mozilla/5.0 (iPhone; CPU iPhone OS 17_3_1 like Mac OS X) AppleWebKit/605.1.15 (KHTML, like Gecko) Mobile/15E148",Login
Wed Apr 10 20:20:53 UTC 2024,136.41.224.92,"Mozilla/5.0 (Macintosh; Intel Mac OS X 10_15_7) AppleWebKit/605.1.15 (KHTML, like Gecko) Version/17.4.1 Safari/605.1.15",Login
Fri Apr 12 03:33:28 UTC 2024,136.54.75.9,"Mozilla/5.0 (Macintosh; Intel Mac OS X 10_15_7) AppleWebKit/605.1.15 (KHTML, like Gecko) Version/17.4.1 Safari/605.1.15",Login
Sat Apr 13 02:44:44 UTC 2024,2605:59c8:60af:9710:eda4:2a61:39e7:aa99,"Mozilla/5.0 (Macintosh; Intel Mac OS X 10_15_7) AppleWebKit/605.1.15 (KHTML, like Gecko) Version/17.4.1 Safari/605.1.15",Login
Fri Apr 19 14:12:36 UTC 2024,198.24.82.2,"Mozilla/5.0 (Macintosh; Intel Mac OS X 10_15_7) AppleWebKit/605.1.15 (KHTML, like Gecko) Version/17.4.1 Safari/605.1.15",Login
Fri Apr 19 15:36:52 UTC 2024,198.24.82.2,"Mozilla/5.0 (Macintosh; Intel Mac OS X 10_15_7) AppleWebKit/605.1.15 (KHTML, like Gecko) Version/17.4.1 Safari/605.1.15",Login
Fri Apr 19 20:16:57 UTC 2024,2603:6080:e800:3dd4:1940:e308:f085:6e16,"Mozilla/5.0 (Macintosh; Intel Mac OS X 10_15_7) AppleWebKit/605.1.15 (KHTML, like Gecko) Version/17.4.1 Safari/605.1.15",Login
Fri Apr 19 20:17:50 UTC 2024,2603:6080:e800:3dd4:1940:e308:f085:6e16,"Mozilla/5.0 (Macintosh; Intel Mac OS X 10_15_7) AppleWebKit/605.1.15 (KHTML, like Gecko) Version/17.4.1 Safari/605.1.15",Login
Fri Apr 19 20:18:10 UTC 2024,2603:6080:e800:3dd4:1940:e308:f085:6e16,"Mozilla/5.0 (Macintosh; Intel Mac OS X 10_15_7) AppleWebKit/605.1.15 (KHTML, like Gecko) Version/17.4.1 Safari/605.1.15",Login
Fri May 03 19:42:37 UTC 2024,198.24.82.2,"Mozilla/5.0 (Macintosh; Intel Mac OS X 10_15_7) AppleWebKit/605.1.15 (KHTML, like Gecko) Version/17.4.1 Safari/605.1.15",Login
Fri May 17 19:21:48 UTC 2024,2603:6080:e800:3dd4:5f:7ebd:c684:fca6,"Mozilla/5.0 (Macintosh; Intel Mac OS X 10_15_7) AppleWebKit/605.1.15 (KHTML, like Gecko) Version/17.4.1 Safari/605.1.15",Login
Wed May 22 18:53:28 UTC 2024,198.24.82.2,"Mozilla/5.0 (Macintosh; Intel Mac OS X 10_15_7) AppleWebKit/537.36 (KHTML, like Gecko) Chrome/124.0.0.0 Safari/537.36",Login
Sun May 26 01:50:14 UTC 2024,2603:6080:e800:3dd4:14b4:5e4a:e928:af1d,"Mozilla/5.0 (Macintosh; Intel Mac OS X 10_15_7) AppleWebKit/605.1.15 (KHTML, like Gecko) Version/17.5 Safari/605.1.15",Login
Sun May 26 14:23:47 UTC 2024,198.24.82.2,"Mozilla/5.0 (Macintosh; Intel Mac OS X 10_15_7) AppleWebKit/605.1.15 (KHTML, like Gecko) Version/17.5 Safari/605.1.15",Login
Wed May 29 16:40:46 UTC 2024,198.24.82.2,"Mozilla/5.0 (Macintosh; Intel Mac OS X 10_15_7) AppleWebKit/605.1.15 (KHTML, like Gecko) Version/17.5 Safari/605.1.15",Login
Tue Jun 11 23:35:12 UTC 2024,2603:6080:e800:3dd4:758c:4ec0:4c87:4cbc,"Mozilla/5.0 (Macintosh; Intel Mac OS X 10_15_7) AppleWebKit/605.1.15 (KHTML, like Gecko) Version/17.5 Safari/605.1.15",Login
Sat Jun 15 18:42:51 UTC 2024,198.24.82.2,"Mozilla/5.0 (Macintosh; Intel Mac OS X 10_15_7) AppleWebKit/605.1.15 (KHTML, like Gecko) Version/17.5 Safari/605.1.15",Login
Tue Jun 18 03:18:40 UTC 2024,2603:6080:e800:3dd4:60d7:93dd:2dd:7181,"Mozilla/5.0 (Macintosh; Intel Mac OS X 10_15_7) AppleWebKit/605.1.15 (KHTML, like Gecko) Version/17.5 Safari/605.1.15",Login
Wed Jun 19 15:32:42 UTC 2024,198.24.82.2,"Mozilla/5.0 (Macintosh; Intel Mac OS X 10_15_7) AppleWebKit/605.1.15 (KHTML, like Gecko) Version/17.5 Safari/605.1.15",Login
Fri Jun 21 22:04:59 UTC 2024,2603:6080:e800:3dd4:90ba:4347:61a3:175a,"Mozilla/5.0 (Macintosh; Intel Mac OS X 10_15_7) AppleWebKit/605.1.15 (KHTML, like Gecko) Version/17.5 Safari/605.1.15",Login
Sun Jun 23 17:15:42 UTC 2024,198.24.82.2,"Mozilla/5.0 (Macintosh; Intel Mac OS X 10_15_7) AppleWebKit/605.1.15 (KHTML, like Gecko) Version/17.5 Safari/605.1.15",Login
Sun Jun 23 18:52:44 UTC 2024,2603:6080:e800:3dd4:49c7:93bd:c9f1:db93,"Mozilla/5.0 (Macintosh; Intel Mac OS X 10_15_7) AppleWebKit/605.1.15 (KHTML, like Gecko) Version/17.5 Safari/605.1.15",Login
Wed Jun 26 16:40:33 UTC 2024,198.24.82.2,"Mozilla/5.0 (Macintosh; Intel Mac OS X 10_15_7) AppleWebKit/605.1.15 (KHTML, like Gecko) Version/17.5 Safari/605.1.15",Login
Thu Jun 27 17:19:37 UTC 2024,2603:6080:e800:3dd4:1d13:84b:2ae4:3ef9,"Mozilla/5.0 (Macintosh; Intel Mac OS X 10_15_7) AppleWebKit/605.1.15 (KHTML, like Gecko) Version/17.5 Safari/605.1.15",Login
Thu Jun 27 21:37:56 UTC 2024,2603:6080:e80a:baf7:c989:992c:2903:a4c,"Mozilla/5.0 (Macintosh; Intel Mac OS X 10_15_7) AppleWebKit/605.1.15 (KHTML, like Gecko) Version/17.5 Safari/605.1.15",Login
Thu Jun 27 23:50:01 UTC 2024,2603:6080:e80a:baf7:c989:992c:2903:a4c,"Mozilla/5.0 (Macintosh; Intel Mac OS X 10_15_7) AppleWebKit/605.1.15 (KHTML, like Gecko) Version/17.5 Safari/605.1.15",Login
Fri Jun 28 18:07:14 UTC 2024,2603:6080:e800:3dd4:80ed:3b8c:6759:6527,"Mozilla/5.0 (Macintosh; Intel Mac OS X 10_15_7) AppleWebKit/605.1.15 (KHTML, like Gecko) Version/17.5 Safari/605.1.15",Login
Sat Jun 29 16:10:56 UTC 2024,198.24.82.2,"Mozilla/5.0 (Macintosh; Intel Mac OS X 10_15_7) AppleWebKit/605.1.15 (KHTML, like Gecko) Version/17.5 Safari/605.1.15",Login
Sat Jun 29 17:24:28 UTC 2024,198.24.82.2,"Mozilla/5.0 (Macintosh; Intel Mac OS X 10_15_7) AppleWebKit/605.1.15 (KHTML, like Gecko) Version/17.5 Safari/605.1.15",Login
Sat Jun 29 18:53:56 UTC 2024,2603:6080:e800:3dd4:699f:dca4:20f0:9d85,"Mozilla/5.0 (Macintosh; Intel Mac OS X 10_15_7) AppleWebKit/605.1.15 (KHTML, like Gecko) Version/17.5 Safari/605.1.15",Login
Wed Jul 03 13:48:30 UTC 2024,2603:6080:e800:3dd4:f48a:a883:9cb1:5a20,"Mozilla/5.0 (Macintosh; Intel Mac OS X 10_15_7) AppleWebKit/605.1.15 (KHTML, like Gecko) Version/17.5 Safari/605.1.15",Login
Thu Jul 04 18:01:25 UTC 2024,198.24.82.2,"Mozilla/5.0 (Macintosh; Intel Mac OS X 10_15_7) AppleWebKit/537.36 (KHTML, like Gecko) Chrome/126.0.0.0 Safari/537.36",Login
Thu Jul 04 23:46:39 UTC 2024,2603:6080:e800:3dd4:9dd0:179b:3fbf:6b83,"Mozilla/5.0 (Macintosh; Intel Mac OS X 10_15_7) AppleWebKit/605.1.15 (KHTML, like Gecko) Version/17.5 Safari/605.1.15",Login
Fri Jul 05 03:02:35 UTC 2024,2603:6080:e800:3dd4:2c5a:6eab:265f:3df0,"Mozilla/5.0 (Macintosh; Intel Mac OS X 10_15_7) AppleWebKit/605.1.15 (KHTML, like Gecko) Version/17.5 Safari/605.1.15",Login
Fri Jul 05 19:04:00 UTC 2024,2603:6080:e800:3dd4:497:80e1:440e:dfab,"Mozilla/5.0 (Macintosh; Intel Mac OS X 10_15_7) AppleWebKit/605.1.15 (KHTML, like Gecko) Version/17.5 Safari/605.1.15",Login
Sun Jul 07 22:14:27 UTC 2024,2603:6080:e800:3dd4:64db:884:c088:b2ab,"Mozilla/5.0 (Macintosh; Intel Mac OS X 10_15_7) AppleWebKit/605.1.15 (KHTML, like Gecko) Version/17.5 Safari/605.1.15",Login
Mon Jul 08 21:57:30 UTC 2024,2603:6080:e800:3dd4:f997:5e71:5d00:dc62,"Mozilla/5.0 (Macintosh; Intel Mac OS X 10_15_7) AppleWebKit/605.1.15 (KHTML, like Gecko) Version/17.5 Safari/605.1.15",Login
Thu Jul 11 21:40:58 UTC 2024,2603:6080:e800:3dd4:105c:20a7:252a:204b,"Mozilla/5.0 (Macintosh; Intel Mac OS X 10_15_7) AppleWebKit/537.36 (KHTML, like Gecko) Chrome/126.0.0.0 Safari/537.36",Login
Mon Jul 15 16:57:44 UTC 2024,198.24.82.2,"Mozilla/5.0 (Macintosh; Intel Mac OS X 10_15_7) AppleWebKit/605.1.15 (KHTML, like Gecko) Version/17.5 Safari/605.1.15",Login
Wed Jul 17 03:58:50 UTC 2024,2603:6080:e800:3dd4:28eb:d77e:ac39:9397,"Mozilla/5.0 (Macintosh; Intel Mac OS X 10_15_7) AppleWebKit/605.1.15 (KHTML, like Gecko) Version/18.0 Safari/605.1.15",Login
Fri Jul 19 12:38:53 UTC 2024,2603:6080:e800:3dd4:e0f7:8cf4:51d7:808a,"Mozilla/5.0 (Macintosh; Intel Mac OS X 10_15_7) AppleWebKit/605.1.15 (KHTML, like Gecko) Version/18.0 Safari/605.1.15",Login
Fri Jul 19 16:51:49 UTC 2024,2603:6080:e800:3dd4:e0f7:8cf4:51d7:808a,"Mozilla/5.0 (Macintosh; Intel Mac OS X 10_15_7) AppleWebKit/605.1.15 (KHTML, like Gecko) Version/18.0 Safari/605.1.15",Login
Fri Jul 19 20:25:19 UTC 2024,2603:6080:e800:3dd4:e0f7:8cf4:51d7:808a,"Mozilla/5.0 (Macintosh; Intel Mac OS X 10_15_7) AppleWebKit/605.1.15 (KHTML, like Gecko) Version/18.0 Safari/605.1.15",Login
Mon Jul 22 16:58:54 UTC 2024,2603:6080:e800:3dd4:40a0:5180:cdef:9045,"Mozilla/5.0 (Macintosh; Intel Mac OS X 10_15_7) AppleWebKit/605.1.15 (KHTML, like Gecko) Version/18.0 Safari/605.1.15",Login
Mon Jul 22 18:07:56 UTC 2024,2603:6080:e800:3dd4:40a0:5180:cdef:9045,"Mozilla/5.0 (Macintosh; Intel Mac OS X 10_15_7) AppleWebKit/537.36 (KHTML, like Gecko) Chrome/126.0.0.0 Safari/537.36",Login
Wed Jul 24 14:07:41 UTC 2024,2603:6080:e800:3dd4:385f:5237:d96f:3021,"Mozilla/5.0 (Macintosh; Intel Mac OS X 10_15_7) AppleWebKit/605.1.15 (KHTML, like Gecko) Version/18.0 Safari/605.1.15",Login
Thu Jul 25 17:04:48 UTC 2024,198.24.82.2,"Mozilla/5.0 (Macintosh; Intel Mac OS X 10_15_7) AppleWebKit/605.1.15 (KHTML, like Gecko) Version/18.0 Safari/605.1.15",Login
Fri Jul 26 21:08:20 UTC 2024,2603:6080:e800:3dd4:1482:cf07:9304:61ab,"Mozilla/5.0 (Macintosh; Intel Mac OS X 10_15_7) AppleWebKit/537.36 (KHTML, like Gecko) Chrome/126.0.0.0 Safari/537.36",Login
Sat Jul 27 22:05:18 UTC 2024,2603:6080:e800:3dd4:e575:e7e:4211:d3b4,"Mozilla/5.0 (Macintosh; Intel Mac OS X 10_15_7) AppleWebKit/537.36 (KHTML, like Gecko) Chrome/126.0.0.0 Safari/537.36",Login
Sun Jul 28 00:50:39 UTC 2024,2603:6080:e800:3dd4:55a1:256b:9e22:465b,"Mozilla/5.0 (Macintosh; Intel Mac OS X 10_15_7) AppleWebKit/537.36 (KHTML, like Gecko) Chrome/126.0.0.0 Safari/537.36",Login
Wed Jul 31 17:05:04 UTC 2024,2603:6080:e800:3dd4:d42a:1d56:623b:942c,"Mozilla/5.0 (Macintosh; Intel Mac OS X 10_15_7) AppleWebKit/537.36 (KHTML, like Gecko) Chrome/127.0.0.0 Safari/537.36",Login
Wed Jul 31 20:31:31 UTC 2024,2603:6080:e800:3dd4:d42a:1d56:623b:942c,"Mozilla/5.0 (Macintosh; Intel Mac OS X 10_15_7) AppleWebKit/537.36 (KHTML, like Gecko) Chrome/127.0.0.0 Safari/537.36",Login
Fri Aug 09 00:49:30 UTC 2024,2603:6080:e800:3dd4:8cb5:aeb7:46f6:98cc,"Mozilla/5.0 (Macintosh; Intel Mac OS X 10_15_7) AppleWebKit/605.1.15 (KHTML, like Gecko) Version/18.0 Safari/605.1.15",Login
Sun Aug 11 00:22:45 UTC 2024,2603:6080:e800:3dd4:70dc:d6e8:6fbd:5084,"Mozilla/5.0 (Macintosh; Intel Mac OS X 10_15_7) AppleWebKit/605.1.15 (KHTML, like Gecko) Version/18.0 Safari/605.1.15",Login
Sun Aug 11 19:36:26 UTC 2024,2603:6080:e800:3dd4:7cd7:5e7:cc0e:52b8,"Mozilla/5.0 (Macintosh; Intel Mac OS X 10_15_7) AppleWebKit/605.1.15 (KHTML, like Gecko) Version/18.0 Safari/605.1.15",Login
Sun Aug 11 19:36:34 UTC 2024,2603:6080:e800:3dd4:7cd7:5e7:cc0e:52b8,"Mozilla/5.0 (Macintosh; Intel Mac OS X 10_15_7) AppleWebKit/605.1.15 (KHTML, like Gecko) Version/18.0 Safari/605.1.15",Login
Sun Aug 11 19:36:44 UTC 2024,2603:6080:e800:3dd4:7cd7:5e7:cc0e:52b8,"Mozilla/5.0 (Macintosh; Intel Mac OS X 10_15_7) AppleWebKit/605.1.15 (KHTML, like Gecko) Version/18.0 Safari/605.1.15",Login
Sun Aug 11 19:37:27 UTC 2024,2603:6080:e800:3dd4:7cd7:5e7:cc0e:52b8,"Mozilla/5.0 (Macintosh; Intel Mac OS X 10_15_7) AppleWebKit/605.1.15 (KHTML, like Gecko) Version/18.0 Safari/605.1.15",Login
Tue Aug 27 02:21:30 UTC 2024,2603:6080:e800:3dd4:958a:2685:9252:2464,"Mozilla/5.0 (Macintosh; Intel Mac OS X 10_15_7) AppleWebKit/605.1.15 (KHTML, like Gecko) Version/18.0 Safari/605.1.15",Login
Tue Aug 27 22:56:53 UTC 2024,2603:6080:e800:3dd4:4c04:746:ba68:7cbe,"Mozilla/5.0 (iPhone; CPU iPhone OS 18_0 like Mac OS X) AppleWebKit/605.1.15 (KHTML, like Gecko) Mobile/15E148",Login
Thu Sep 05 15:49:20 UTC 2024,2603:6080:e800:3dd4:2414:157c:b369:b472,"Mozilla/5.0 (Macintosh; Intel Mac OS X 10_15_7) AppleWebKit/605.1.15 (KHTML, like Gecko) Version/18.0 Safari/605.1.15",Login
Mon Oct 14 20:54:15 UTC 2024,2603:6080:e800:3dd4:c5d5:508f:e840:2e89,"Mozilla/5.0 (Macintosh; Intel Mac OS X 10_15_7) AppleWebKit/605.1.15 (KHTML, like Gecko) Version/18.0.1 Safari/605.1.15",Login
Wed Oct 23 22:01:41 UTC 2024,12.199.206.6,"Mozilla/5.0 (Macintosh; Intel Mac OS X 10_15_7) AppleWebKit/605.1.15 (KHTML, like Gecko) Version/18.0.1 Safari/605.1.15",Login
Fri Oct 25 12:35:02 UTC 2024,12.199.206.2,"Mozilla/5.0 (Macintosh; Intel Mac OS X 10_15_7) AppleWebKit/605.1.15 (KHTML, like Gecko) Version/18.0.1 Safari/605.1.15",Login
Fri Nov 01 16:18:43 UTC 2024,146.112.47.79,"Mozilla/5.0 (Windows NT 10.0; Win64; x64) AppleWebKit/537.36 (KHTML, like Gecko) Chrome/130.0.0.0 Safari/537.36 Edg/130.0.0.0",Login
Mon Nov 04 18:46:45 UTC 2024,2600:1006:b114:2821:1d52:57ad:8c2d:b7c2,"Mozilla/5.0 (iPhone; CPU iPhone OS 18_0 like Mac OS X) AppleWebKit/605.1.15 (KHTML, like Gecko) EdgiOS/130.0.2849.57 Version/18.0 Mobile/15E148 Safari/604.1",Login
Mon Nov 04 18:52:36 UTC 2024,97.71.188.131,"Mozilla/5.0 (Windows NT 10.0; Win64; x64) AppleWebKit/537.36 (KHTML, like Gecko) Chrome/130.0.0.0 Safari/537.36 Edg/130.0.0.0",Login
Fri Nov 08 15:08:31 UTC 2024,2600:1006:b118:6a80:ece2:29e7:6396:381d,"Mozilla/5.0 (Macintosh; Intel Mac OS X 10_15_7) AppleWebKit/605.1.15 (KHTML, like Gecko) Version/18.1 Safari/605.1.15",Login
Sat Nov 09 20:11:45 UTC 2024,65.184.145.50,"Mozilla/5.0 (Macintosh; Intel Mac OS X 10_15_7) AppleWebKit/537.36 (KHTML, like Gecko) Chrome/130.0.0.0 Safari/537.36",Login
Mon Nov 11 19:40:17 UTC 2024,2603:6080:e800:3dd4:a49f:f939:e8c8:9469,"Mozilla/5.0 (Macintosh; Intel Mac OS X 10_15_7) AppleWebKit/537.36 (KHTML, like Gecko) Chrome/130.0.0.0 Safari/537.36",Login
Tue Nov 12 18:36:45 UTC 2024,4.34.18.218,"Mozilla/5.0 (Macintosh; Intel Mac OS X 10_15_7) AppleWebKit/537.36 (KHTML, like Gecko) Chrome/130.0.0.0 Safari/537.36",Login
Thu Nov 14 18:51:32 UTC 2024,2603:6080:e800:3dd4:498a:bb07:c106:af66,"Mozilla/5.0 (Macintosh; Intel Mac OS X 10_15_7) AppleWebKit/537.36 (KHTML, like Gecko) Chrome/130.0.0.0 Safari/537.36",Login
Sun Nov 24 03:18:29 UTC 2024,2603:6080:e800:3dd4:9ccc:3045:482a:8c08,"Mozilla/5.0 (Macintosh; Intel Mac OS X 10_15_7) AppleWebKit/605.1.15 (KHTML, like Gecko) Version/18.1.1 Safari/605.1.15",Login
Sun Dec 01 02:18:44 UTC 2024,2603:6080:e800:3dd4:1594:b664:e65f:e015,"Mozilla/5.0 (Macintosh; Intel Mac OS X 10_15_7) AppleWebKit/605.1.15 (KHTML, like Gecko) Version/18.1.1 Safari/605.1.15",Login
Sat Dec 07 21:33:02 UTC 2024,2603:6080:e800:3dd4:1cbc:b34d:cafb:ea91,"Mozilla/5.0 (Macintosh; Intel Mac OS X 10_15_7) AppleWebKit/605.1.15 (KHTML, like Gecko) Version/18.1.1 Safari/605.1.15",Login
Mon Dec 09 00:10:03 UTC 2024,107.140.244.100,"Mozilla/5.0 (iPhone; CPU iPhone OS 18_1_1 like Mac OS X) AppleWebKit/605.1.15 (KHTML, like Gecko) Version/18.1.1 Mobile/15E148 Safari/604.1",Login
Sun Dec 15 23:07:35 UTC 2024,2603:6080:e800:3dd4:495f:7d29:1a2c:c68b,"Mozilla/5.0 (iPhone; CPU iPhone OS 18_1_1 like Mac OS X) AppleWebKit/605.1.15 (KHTML, like Gecko) Mobile/15E148",Login
Sat Dec 21 23:21:03 UTC 2024,2603:6080:e800:3dd4:3c05:4a1b:4570:2f68,"Mozilla/5.0 (Macintosh; Intel Mac OS X 10_15_7) AppleWebKit/605.1.15 (KHTML, like Gecko) Version/18.1.1 Safari/605.1.15",Login
Tue Dec 24 21:44:29 UTC 2024,2603:6080:e800:3dd4:48c0:d636:e345:6618,"Mozilla/5.0 (Macintosh; Intel Mac OS X 10_15_7) AppleWebKit/605.1.15 (KHTML, like Gecko) Version/18.1.1 Safari/605.1.15",Login
Mon Dec 30 16:54:47 UTC 2024,2603:6080:e800:3dd4:c913:f33b:fdb6:742a,"Mozilla/5.0 (Macintosh; Intel Mac OS X 10_15_7) AppleWebKit/605.1.15 (KHTML, like Gecko) Version/18.2 Safari/605.1.15",Login
Sat Jan 04 13:58:59 UTC 2025,2603:6080:e800:3dd4:f197:8ab3:1c55:9e72,"Mozilla/5.0 (Macintosh; Intel Mac OS X 10_15_7) AppleWebKit/605.1.15 (KHTML, like Gecko) Version/18.2 Safari/605.1.15",Login
Sun Jan 05 01:19:22 UTC 2025,2603:6080:e800:3dd4:283a:5793:7d37:51bc,"Mozilla/5.0 (Macintosh; Intel Mac OS X 10_15_7) AppleWebKit/605.1.15 (KHTML, like Gecko) Version/18.2 Safari/605.1.15",Login
Sun Jan 19 18:01:42 UTC 2025,2603:6080:e800:3dd4:34c5:e67c:ec5c:b5d9,"Mozilla/5.0 (Macintosh; Intel Mac OS X 10_15_7) AppleWebKit/605.1.15 (KHTML, like Gecko) Version/18.2 Safari/605.1.15",Login
Wed Jan 29 16:08:00 UTC 2025,50.229.122.68,"Mozilla/5.0 (Macintosh; Intel Mac OS X 10_15_7) AppleWebKit/605.1.15 (KHTML, like Gecko) Version/18.2 Safari/605.1.15",Login
Mon Feb 03 23:43:52 UTC 2025,2603:6080:e800:3dd4:6dd6:8fb0:8d3b:1c6c,"Mozilla/5.0 (Macintosh; Intel Mac OS X 10_15_7) AppleWebKit/605.1.15 (KHTML, like Gecko) Version/18.2 Safari/605.1.15",Login
Thu Mar 06 23:06:26 UTC 2025,136.49.21.189,"Mozilla/5.0 (Macintosh; Intel Mac OS X 10_15_7) AppleWebKit/605.1.15 (KHTML, like Gecko) Version/18.3 Safari/605.1.15",Login
Mon Mar 17 21:26:10 UTC 2025,2a09:bac3:9ac8:dcd:0:0:160:7e,"Mozilla/5.0 (Macintosh; Intel Mac OS X 10_15_7) AppleWebKit/605.1.15 (KHTML, like Gecko) Version/18.3 Safari/605.1.15",Login
Wed Apr 02 20:42:33 UTC 2025,98.101.137.242,"Mozilla/5.0 (Macintosh; Intel Mac OS X 10_15_7) AppleWebKit/605.1.15 (KHTML, like Gecko) Version/18.4 Safari/605.1.15",Login
Sat Apr 05 20:24:00 UTC 2025,98.101.137.242,"Mozilla/5.0 (Macintosh; Intel Mac OS X 10_15_7) AppleWebKit/605.1.15 (KHTML, like Gecko) Version/18.4 Safari/605.1.15",Login
Sat Apr 05 20:27:23 UTC 2025,98.101.137.242,"Mozilla/5.0 (Macintosh; Intel Mac OS X 10_15_7) AppleWebKit/605.1.15 (KHTML, like Gecko) Version/18.4 Safari/605.1.15",Login
Sat Apr 05 20:36:56 UTC 2025,98.101.137.242,"Mozilla/5.0 (Macintosh; Intel Mac OS X 10_15_7) AppleWebKit/537.36 (KHTML, like Gecko) Chrome/134.0.0.0 Safari/537.36",Login
Sat Apr 05 23:46:47 UTC 2025,2603:6080:e800:3dd4:ec4f:b38:fc:8213,"Mozilla/5.0 (Macintosh; Intel Mac OS X 10_15_7) AppleWebKit/605.1.15 (KHTML, like Gecko) Version/18.4 Safari/605.1.15",Login
Sun Apr 06 23:30:03 UTC 2025,2603:6080:e800:3dd4:8464:5ac:4ae4:6809,"Mozilla/5.0 (Macintosh; Intel Mac OS X 10_15_7) AppleWebKit/537.36 (KHTML, like Gecko) Chrome/134.0.0.0 Safari/537.36",Login
Mon Apr 07 13:45:10 UTC 2025,98.101.137.242,"Mozilla/5.0 (Macintosh; Intel Mac OS X 10_15_7) AppleWebKit/605.1.15 (KHTML, like Gecko) Version/18.4 Safari/605.1.15",Login
Tue Apr 08 00:54:43 UTC 2025,2603:6080:e800:3dd4:50dc:9713:553f:97de,"Mozilla/5.0 (Macintosh; Intel Mac OS X 10_15_7) AppleWebKit/605.1.15 (KHTML, like Gecko) Version/18.4 Safari/605.1.15",Login
Tue Apr 08 01:00:36 UTC 2025,2603:6080:e800:3dd4:10a7:1c6b:8ef5:ae58,"Mozilla/5.0 (iPhone; CPU iPhone OS 18_3_2 like Mac OS X) AppleWebKit/605.1.15 (KHTML, like Gecko) Mobile/15E148",Login
Thu Apr 10 04:18:25 UTC 2025,65.190.101.162,"Mozilla/5.0 (Macintosh; Intel Mac OS X 10_15_7) AppleWebKit/605.1.15 (KHTML, like Gecko) Version/18.4 Safari/605.1.15",Login
Thu Apr 10 11:47:18 UTC 2025,65.190.101.162,"Mozilla/5.0 (Macintosh; Intel Mac OS X 10_15_7) AppleWebKit/605.1.15 (KHTML, like Gecko) Version/18.4 Safari/605.1.15",Login
Thu Apr 10 15:02:16 UTC 2025,199.244.127.110,"Mozilla/5.0 (Macintosh; Intel Mac OS X 10_15_7) AppleWebKit/605.1.15 (KHTML, like Gecko) Version/18.4 Safari/605.1.15",Login
Thu Apr 10 16:12:53 UTC 2025,2600:1004:b033:562b:180:e31c:c4f1:59c3,LIAuthLibrary:44.0.* com.linkedin.LinkedIn:9.30.9729.4 iPhone:18.3.2,Login
Thu Apr 10 23:30:41 UTC 2025,2603:6080:e800:3dd4:5857:1466:e637:e173,"Mozilla/5.0 (Macintosh; Intel Mac OS X 10_15_7) AppleWebKit/537.36 (KHTML, like Gecko) Chrome/135.0.0.0 Safari/537.36",Login
Fri Apr 11 23:54:26 UTC 2025,2603:6080:e800:3dd4:b0fc:25e6:8354:e5ff,"Mozilla/5.0 (Macintosh; Intel Mac OS X 10_15_7) AppleWebKit/605.1.15 (KHTML, like Gecko) Version/18.4 Safari/605.1.15",Login
Sat Apr 12 20:06:11 UTC 2025,98.101.137.242,"Mozilla/5.0 (Macintosh; Intel Mac OS X 10_15_7) AppleWebKit/605.1.15 (KHTML, like Gecko) Version/18.4 Safari/605.1.15",Login
Sun Apr 13 23:15:57 UTC 2025,2603:6080:e800:3dd4:f59f:ba53:f87b:3f4b,"Mozilla/5.0 (Macintosh; Intel Mac OS X 10_15_7) AppleWebKit/605.1.15 (KHTML, like Gecko) Version/18.4 Safari/605.1.15",Login
Mon Apr 14 00:14:57 UTC 2025,2603:6080:e800:3dd4:f59f:ba53:f87b:3f4b,"Mozilla/5.0 (Macintosh; Intel Mac OS X 10_15_7) AppleWebKit/537.36 (KHTML, like Gecko) Chrome/135.0.0.0 Safari/537.36",Login
Tue Apr 22 03:36:57 UTC 2025,12.199.206.2,"Mozilla/5.0 (Macintosh; Intel Mac OS X 10_15_7) AppleWebKit/605.1.15 (KHTML, like Gecko) Version/18.4 Safari/605.1.15",Login
Thu Apr 24 00:21:36 UTC 2025,2600:100e:b08d:5bae:e545:181a:5dc3:9ba1,"Mozilla/5.0 (iPhone; CPU iPhone OS 18_3_2 like Mac OS X) AppleWebKit/605.1.15 (KHTML, like Gecko) Mobile/15E148",Login
Wed May 21 16:50:33 UTC 2025,75.112.162.202,"Mozilla/5.0 (Macintosh; Intel Mac OS X 10_15_7) AppleWebKit/537.36 (KHTML, like Gecko) Chrome/136.0.0.0 Safari/537.36",Login
Thu May 29 13:53:19 UTC 2025,2603:6080:e800:3dd4:9c22:c241:b5ac:7ead,LIAuthLibrary:44.0.* com.linkedin.LinkedIn:9.31.1709 iPhone:18.5,Login
Fri May 30 20:03:20 UTC 2025,98.101.137.242,"Mozilla/5.0 (Macintosh; Intel Mac OS X 10_15_7) AppleWebKit/537.36 (KHTML, like Gecko) Chrome/136.0.0.0 Safari/537.36",Login
Sun Jun 01 21:30:23 UTC 2025,63.239.88.2,"Mozilla/5.0 (Macintosh; Intel Mac OS X 10_15_7) AppleWebKit/537.36 (KHTML, like Gecko) Chrome/136.0.0.0 Safari/537.36",Login
Sun Jun 01 23:05:32 UTC 2025,2600:1004:b0c0:6531:21d9:dd3c:65b3:8610,LIAuthLibrary:44.0.* com.linkedin.LinkedIn:9.31.1709 iPhone:18.5,Login
Mon Jun 02 23:37:59 UTC 2025,68.225.25.10,"Mozilla/5.0 (Macintosh; Intel Mac OS X 10_15_7) AppleWebKit/537.36 (KHTML, like Gecko) Chrome/136.0.0.0 Safari/537.36",Login
Tue Jun 03 01:26:31 UTC 2025,68.225.25.10,"Mozilla/5.0 (Macintosh; Intel Mac OS X 10_15_7) AppleWebKit/537.36 (KHTML, like Gecko) Chrome/136.0.0.0 Safari/537.36",Login
Tue Jun 17 14:03:19 UTC 2025,98.101.137.242,"Mozilla/5.0 (Macintosh; Intel Mac OS X 10_15_7) AppleWebKit/537.36 (KHTML, like Gecko) Chrome/137.0.0.0 Safari/537.36",Login
Wed Jun 18 18:17:40 UTC 2025,98.101.137.242,"Mozilla/5.0 (Macintosh; Intel Mac OS X 10_15_7) AppleWebKit/537.36 (KHTML, like Gecko) Chrome/137.0.0.0 Safari/537.36",Login
Mon Jun 23 15:35:54 UTC 2025,216.47.59.254,"Mozilla/5.0 (Macintosh; Intel Mac OS X 10_15_7) AppleWebKit/537.36 (KHTML, like Gecko) Chrome/137.0.0.0 Safari/537.36",Login
Mon Jun 23 17:35:30 UTC 2025,69.51.64.181,"Mozilla/5.0 (Macintosh; Intel Mac OS X 10_15_7) AppleWebKit/537.36 (KHTML, like Gecko) Chrome/137.0.0.0 Safari/537.36",Login
