Company Name,Title,Description,Location,Started On,Finished On
NexusTek,Chief Product Officer,"Leading product, marketing, analyst relations, and compelling composable consultancy culture  - Cybersecurity - Data & AI - Hybrid Cloud  With a dedication to security, reliability, and success, NexusTek is the trusted partner in providing our customers with modern digital solutions that drive business growth, increase revenue, reduce costs, and mitigate risks.  To learn more about NexusTek, please visit nexustek.com",United States,Nov 2024,
Cuthrell Consulting,Principal Consultant,Fractional leadership and advisory services,"Beaufort, North Carolina, United States",May 2024,
Amazon Web Services (AWS),AWS Partner Advisory Board Executive Member,Representing the GTM interests of IBM Consulting,,Jul 2023,Apr 2024
IBM,Partner,"PMI Executive role to combine, align, and unify concurrent nested M&A company offerings","Beaufort, North Carolina, United States",Aug 2022,Apr 2024
Taos,Senior Vice President of Product Development,PMI Executive specialist during Taos integration for final transfer of business into IBM,"Beaufort, North Carolina, United States",Aug 2022,Jul 2023
Faction,Global Vice President of Solutions,"Led growth of global solutions team at Faction, a Dell Technologies Capital portfolio company","Denver, Colorado, United States (Remote from Texas)",Dec 2020,Jul 2022
Dell Technologies,Managing Director,Turned vision into multi $B growth engines during accretive concurrent nested M&A,"Round Rock, Texas, United States (Remote from North Carolina, California, Nevada, and Texas)",Oct 2010,Sep 2020
Cuthrell Consulting,Principal Consultant,,"Missoula, Montana, United States",Jan 2009,Oct 2010
Digitel Corporation,Chief Technology Officer,,,Aug 2002,Dec 2009
SapientRazorfish,Infrastructure Architect,,,Aug 1999,Jul 2002
Nortel Networks,Software Developer,,,1996,1999
