Title,Description,Url,Started On,Finished On
Recent Full Stack Projects,"Full stack (partial): Agile, Scrum, SAFe, Salesforce.com, Boomi, ServiceNow, Atlassian JIRA, Atlassian Confluence, SmartBear Zephyr, Slack Enterprise Grid, Microsoft Teams, Microsoft Power BI, Trello, Pivotal Concourse CI/CD, JFrog Artifactory, Jenkins, Maven, Gradle, GitHub for Enterprise, GitHub.com, Docker, Helm, Kubernetes, Red Hat Ansible Tower, AWX Project, HashiCorp Terraform, VMware Cloud Foundation, VMware Tanzu, OpenNebula, Istio, FreeIPA, Grafana, Prometheus, Elastic Stack ELK, Elasticsearch, Kibana, Beats, Logstash, Splunk, ReactJS, AngularJS, Ruby, Python, PyPi, NPM, Node.js, Yarn, Rust, Go, GraphQL, SQLite, Sqitch, Redgate Flyway, Shibboleth, HashiCorp Consul, Envoy proxy, HashiCorp Vault, Black Duck, Fiddler, Postman, Swagger, Stoplight, Canonical Ubuntu, CentOS Project, Red Hat Enterprise Linux, GlusterFS, Heketi, Dell EMC PowerEdge OME and OME-M, Dell EMC Unisphere for PowerMax and PowerStore, Dell EMC PowerSwitch SmartFabric, Dell EMC Connectrix, Vertiv Avocent, Panduit DCIM",https://www.delltechnologies.com/en-us/products/index.htm,Oct 2010,Sep 2020
Practice Dimensions and Engagements,"Instrumentation of various practice dimensions across professional services offerings, managed services offerings, workforce talent management, marketing, sales, solutions, finance, product management, and operations.  Full stack (partial): Salesforce, Slack, Atlassian Jira, AWS, Azure, GCP, OCI, IBM Cloud, Cloudflare, Broadcom VMware, Red Hat OpenShift Container Platform, Red Hat Ansible, Red Hat Enterprise Linux, IBM Maximo, IBM Envizi ESG Suite, Apptio One, Apptio Cloudability, Apptio Cloudability Savings Automation, Apptio Targetprocess, IBM Instana, IBM Turbonomic, ServiceNow, IBM watsonx, IBM watsonx Code Assistant, IBM watsonx.ai, Atlassian Trello, Monday.com, Box.com, Dynatrace, F5, Hashicorp Vault, Hashicorp Terraform, Hashicorp Consul, Upland Qvidian, Workday, Mural, Miro, WebEx, Zoom, Microsoft Teams, Airtable, hyperscaler adjacent REITs, Aviatrix, Thales, Nutanix, Microsoft Azure OpenAI, Google Gemini, Databricks, Snowflake, SAP, SAP HANA, RISE with SAP, AWS Cost Exporer QuickSight Forecast CloudFormation, Azure Cost Management MACC CtC Bicep, GCP Cloud Billing BigQuery Looker Cloud Build",,Aug 2022,Apr 2024
Hybrid Multicloud Solutions,"Full stack (partial): Salesforce, Slack, Atlassian Jira, AWS, Azure, GCP, OCI, IBM Cloud, Cloudflare, VMware, ServiceNow, Hashicorp Vault, Hashicorp Terraform, Hashicorp Consul, Miro, Zoom, hyperscaler adjacent REITs, Aviatrix, Databricks, Snowflake, AWS Direct Connect, IBM Cloud Direct Link, Alibaba Cloud Express Connect, Microsoft Azure ExpressRoute Direct, Oracle Cloud Infrastructure FastConnect, Google Cloud Platform Dedicated Interconnect, Dell Technologies, HPE",,Dec 2020,Jul 2022
Pragmatic Generative AI (GenAI),"Working with clients to harness pragmatic GenAI for their businesses.  Full stack (partial): MACH, Athropic Claude, OpenAI ChatGPT, Google Gemini, Canva Magic, Adobe Firefly, Netlify, Eleventy, Activepieces, Buttondown, Google Analytics, Cloudflare, Microsoft 365, Google Workplace, AWS, Azure, GCP, OCI, Akamai Linode, Calendly",,May 2024,Oct 2024
Technology Due Diligence,"Competitive Landscape & Positioning: In-depth analysis of the company's market share, robustness of its intellectual property (IP), products portfolio, services portfolio, differentiation strategy, value proposition, and the presence of moats or barriers to deter potential disruption from new, existing, or emerging competitors.  Risks & Opportunities: Identifying critical vulnerabilities within the technology stack and evaluating regulatory compliance risks as well as white spaces & adjacencies highlighting untapped market opportunities by evaluating synergies with the company's existing products or services for alignment with emerging trends and technologies.  Technology & Innovation: Benchmarking innovation velocity, R&D investments, leadership team composition, technology team topologies, talent acquisition and retention strategies, product development velocity, software security practices, and adaptability to emerging technologies.  AI Infused Strategy: Benchmarking referenced ethical adoption of AI as well as the maturity of AI/ML models and algorithms infusion into core products and services.   Product-Led Growth Strategy: Benchmarking the effectiveness of product onboarding, user experience, adoption metrics, engagement metrics, potential for network effects, pricing models, levers, and PLG cultural alignment.  Key Infrastructure Partnerships: Benchmarking strategic alliances with hyperscale cloud service providers (AWS, Azure, GCP, OCI, etc.), hardware partners, software partners, GSIs, VARs, relationships with research institutions, collaboration with industry consortia, and channel capabilities resulting in greater market reach.  ESG & Sustainability: Benchmarking the company's carbon accounting and ESG frameworks, including sustainability reporting standards and compliance, carbon footprint and reduction targets, environmental impacts, as well as governance and social responsibility practices.",,May 2024,
Conference Analyst Coverage,Delegate for Tech Field Day at Qlik Connect,,Jun 2024,Jun 2024
Fractional Executive,- Enterprise Technology Product Marketing Advisory - Enhancing high impact copy for complex Enterprise technology products and services - Crafting MEDDPICC aligned sales enablement materials - Ghostwriting for owned and earned media,,Aug 2024,Oct 2024
Delegate for AI Field Day 5,Delegate for AI Field Day 5 featuring:  Keysight Technologies Integrail Cisco VMware Elastic Arista Enfabrica,,Sep 2024,Sep 2024
Fractional Executive,- Product Management Advisory - Product Marketing Advisory - Product Road Mapping Advisory for Enterprise technology products and services,,Oct 2024,Oct 2024
Delegate for Cloud Field Day 21,Delegate for Cloud Field Day 21 featuring:  Platform9 Systems Qumulo Broadcom VMware,,Oct 2024,Oct 2024
Project Helix,Project Helix is an interlock of practice areas and disciplines.,,Nov 2024,
