First Name,Last Name,Billing Country,Postal Code,Transaction Made At,Payment Method Type,Invoice Number,Description,Tax Amount,Sub Total,Total Amount,Currency Code
Jay,Cuthrell,us,28516,"5/19/24, 8:21 PM",CreditCard,9568731656,Sales Navigator Core Subscription renewal (Monthly),0,99.99,99.99,USD
Jay,Cuthrell,us,28516,"4/19/24, 8:22 PM",CreditCard,9471618356,Sales Navigator Core Subscription (Monthly),0,99.99,99.99,USD
Jay,Cuthrell,us,28516,"1/3/24, 3:00 AM",CreditCard,9066627316,Premium Business Subscription (Annual),0,0,0,USD
Jay,Cuthrell,us,28516,"7/29/22, 11:55 PM",CreditCard,8091512674,Premium Business Subscription (Monthly),0,0,0,USD
William,Cuthrell,us,77399,"4/16/22, 3:02 PM",CreditCard,7535881333,Premium Career Subscription renewal (Monthly),1.01,15.00,16.01,USD
William,Cuthrell,us,77399,"3/16/22, 3:02 PM",CreditCard,7433977173,Premium Career Subscription renewal (Monthly),1.01,15.00,16.01,USD
William,Cuthrell,us,77399,"2/16/22, 3:02 PM",CreditCard,7331325673,Premium Career Subscription renewal (Monthly),2.02,29.99,32.01,USD
William,Cuthrell,us,77399,"1/16/22, 3:02 PM",CreditCard,7222650543,Premium Career Subscription renewal (Monthly),2.02,29.99,32.01,USD
William,Cuthrell,us,77399,"12/16/21, 3:02 PM",CreditCard,7355180174,Premium Career Subscription renewal (Monthly),2.02,29.99,32.01,USD
William,Cuthrell,us,77399,"11/16/21, 3:02 PM",CreditCard,7245439894,Premium Career Subscription renewal (Monthly),2.02,29.99,32.01,USD
William,Cuthrell,us,77399,"10/16/21, 3:02 PM",CreditCard,7142259664,Premium Career Subscription renewal (Monthly),2.02,29.99,32.01,USD
William,Cuthrell,us,77399,"9/16/21, 3:03 PM",CreditCard,7036953924,Premium Career Subscription (Monthly),2.02,29.99,32.01,USD
William,Cuthrell,us,77399,"6/9/21, 9:34 PM",CreditCard,6705655974,Premium Career Subscription (Monthly),0,0,0,USD
William,Cuthrell,us,77399,"11/21/20, 9:44 PM",CreditCard,6091668274,Premium Career Subscription renewal (Monthly),2.02,29.99,32.01,USD
William,Cuthrell,us,77399,"10/21/20, 9:44 PM",CreditCard,6006648854,Premium Career Subscription renewal (Monthly),2.02,29.99,32.01,USD
William,Cuthrell,us,77399,"9/21/20, 9:45 PM",CreditCard,5921766214,Premium Career Subscription (Monthly),2.02,29.99,32.01,USD
William,Cuthrell,us,76201,"8/16/20, 12:54 AM",CreditCard,5820172254,Premium Career Subscription renewal (Monthly),2.47,29.99,32.46,USD
William,Cuthrell,us,76201,"7/16/20, 12:54 AM",CreditCard,5746953164,Premium Career Subscription renewal (Monthly),2.47,29.99,32.46,USD
William,Cuthrell,us,76201,"6/16/20, 12:54 AM",CreditCard,4720172156,Premium Career Subscription renewal (Monthly),2.47,29.99,32.46,USD
William,Cuthrell,us,76201,"5/16/20, 12:54 AM",CreditCard,5570770904,Premium Career Subscription renewal (Monthly),2.47,29.99,32.46,USD
William,Cuthrell,us,76201,"4/16/20, 12:54 AM",CreditCard,5490263124,Premium Career Subscription (Monthly),2.47,29.99,32.46,USD
William,Cuthrell,us,76201,"11/28/19, 11:02 PM",CreditCard,5139960794,Premium Career Subscription (Monthly),0,0,0,USD
