First Name,Last Name,Billing Country,Postal Code,Transaction Made At,Payment Method Type,Invoice Number,Description,Tax Amount,Sub Total,Total Amount,Currency Code
Jay,Cuthrell,US,28516,03/19/25 06:02 PM UTC,CARD,10182808349,"Sales Navigator Advanced,Sales Navigator Teamlink Extend Seat",0.00,179.99,179.99,USD
Jay,Cuthrell,US,28516,02/19/25 06:02 PM UTC,CARD,10173724283,"Sales Navigator Advanced,Sales Navigator Teamlink Extend Seat",0.00,179.99,179.99,USD
Jay,Cuthrell,US,28516,01/19/25 06:02 PM UTC,CARD,10964807591,"Sales Navigator Teamlink Extend Seat,Sales Navigator Advanced",0.00,179.99,179.99,USD
Jay,Cuthrell,US,28516,12/19/24 08:21 PM UTC,CARD,10157224040,Sales Navigator Core,0.00,99.99,99.99,USD
Jay,Cuthrell,US,28516,11/19/24 08:21 PM UTC,CARD,10149177854,Sales Navigator Core,0.00,49.99,49.99,USD
Jay,Cuthrell,US,28516,10/19/24 08:21 PM UTC,CARD,10140681681,Sales Navigator Core,0.00,49.99,49.99,USD
Jay,Cuthrell,US,28516,09/19/24 08:21 PM UTC,CARD,10132638100,Sales Navigator Core,0.00,99.99,99.99,USD
Jay,Cuthrell,US,28516,08/19/24 08:21 PM UTC,CARD,10125448554,Sales Navigator Core,0.00,99.99,99.99,USD
Jay,Cuthrell,US,28516,07/19/24 08:21 PM UTC,CARD,10119695195,Sales Navigator Core,0.00,99.99,99.99,USD
Jay,Cuthrell,US,28516,06/19/24 08:21 PM UTC,CARD,10115544031,Sales Navigator Core,0.00,99.99,99.99,USD
Jay,Cuthrell,US,28516,05/19/24 08:21 PM UTC,CARD,10912760790,Sales Navigator Core,0.00,99.99,99.99,USD
