Date/Time,Media Description,Media Link
"You uploaded a video on October 8, 2024 at 12:29 PM (GMT)", -,https://dms.licdn.com/playlist/vid/dynamic/D4E05AQEJPxBFEDdV8w/BAQ6fgIiiA?e=1751295600&v=beta&t=iYbl-BEKEcFrM6AZR1zV3643JjI3WJXvk9WAn9UsbUM
"You uploaded a video on June 4, 2024 at 5:46 PM (GMT)", -,https://dms.licdn.com/playlist/vid/dynamic/D4E05AQHgVZhj2_85Bw/BAgaqc3shvTBZZqZJcM?e=1751295600&v=beta&t=poVol8erf207gFwqDOwZl5BVEfcMcPvTypAfwxlDPYo
"You uploaded a feed document on May 21, 2024 at 4:14 PM (GMT)","#Hallucinations? #Errors? #Omissions? Probably. This PDF took less than 20 min to create with Google Gemini, Anthropic Claude, OpenAI ChatGPT and?SiliconANGLE & theCUBE theCubeAI (and Microsoft PowerPoint) ????",https://media.licdn.com/dms/document/media/v2/D4E1FAQGb45xkOa4OJQ/feedshare-document-url-metadata-scrapper-pdf/feedshare-document-url-metadata-scrapper-pdf/0/1716308095258?e=2147483647&v=beta&t=QM8oNAVjEWJD-CotEuTzV2s1vlQzEVVfdZUj8cEQClY
"You uploaded a video on May 7, 2024 at 4:34 PM (GMT)", -,https://dms.licdn.com/playlist/vid/dynamic/D4E05AQGbUjDaVTIoTw/BAQ_E7AsrXX?e=1751295600&v=beta&t=M2ev_GpjNyfjjT3FDy1GMwxIbQDXlD0fytsglx-0DBk
"You uploaded a video on March 16, 2024 at 6:42 PM (GMT)", -,https://dms.licdn.com/playlist/vid/dynamic/D4E05AQFoXZRseyiv_g/BAQjx9kUrE?e=1751295600&v=beta&t=lfGgL-qk4ecOUkl9dcf5J1C8Axq9wGGn6pxkx298OAQ
"You uploaded a video on March 12, 2024 at 3:50 PM (GMT)", -,https://dms.licdn.com/playlist/vid/dynamic/D4E05AQHFsfYWzNXAvQ/BAQahQeHyE?e=1751295600&v=beta&t=FFwyLYnIEC9l-FIO9icNbNlyLl-v7VTeuxN0eSE__ys
"You uploaded a video on October 21, 2023 at 6:18 AM (GMT)", -,https://dms.licdn.com/playlist/vid/dynamic/D5605AQElPl6HEssbIg/BAg9YQKe7ozUwfTKA?e=1751295600&v=beta&t=Z0xTB9b9ILLuzWJE-q2xPCI5CoswNtvd-QdSmL3Yq1I
"You uploaded a video on July 1, 2023 at 9:37 PM (GMT)", -,https://dms.licdn.com/playlist/vid/dynamic/D5605AQHqmk6bVnDqNQ/BAgU5O2FDJ4lvNTDA?e=1751295600&v=beta&t=rmFBN65Fam6s72e4X7toOCATz75sZ260LAL2fnB-FwU
"You uploaded a event background photo on May 27, 2021 at 11:51 AM (GMT)", -,https://media.licdn.com/dms/image/v2/D4E1EAQF1Mm6QbDb7iw/event-background-image-shrink_350_1400/event-background-image-shrink_350_1400/0/1622116282573?e=2147483647&v=beta&t=eICWkF7extCKOGB0yTFoQ4M8siwC1L8yGFT24M-S4bo
"You uploaded a event logo on May 27, 2021 at 11:51 AM (GMT)", -,https://media.licdn.com/dms/image/v2/D4E1EAQFG-98VKPm1ww/event-logo-shrink_400_400/event-logo-shrink_400_400/0/1631001963505?e=2147483647&v=beta&t=qdsfhS5wKFqht1gt-S40bOrIkYbDzaJU33iHNXRSLzs
"You uploaded a feed photo on January 30, 2021 at 2:58 AM (GMT)", -,https://media.licdn.com/dms/image/v2/C4E22AQEz3b2J-sASjA/feedshare-shrink_2048_1536/feedshare-shrink_2048_1536/0/1611975485374?e=2147483647&v=beta&t=QqUPiO6uSEC3Lx7ixSC3ON0nJtpZXNSC4aGcdVV6FGw
"You uploaded a feed photo on January 30, 2021 at 2:57 AM (GMT)", -,https://media.licdn.com/dms/image/v2/C4E22AQEUFDOFCO6JtQ/feedshare-shrink_2048_1536/feedshare-shrink_2048_1536/0/1611975471238?e=2147483647&v=beta&t=h9kP79WHj70JgOGRElTtV7luSx-IOH-Hx_l5J-yIrbc
"You uploaded a feed photo on January 30, 2021 at 2:57 AM (GMT)", -,https://media.licdn.com/dms/image/v2/C4E22AQEF7cLl2ExrTg/feedshare-shrink_2048_1536/feedshare-shrink_2048_1536/0/1611975460688?e=2147483647&v=beta&t=OVZOpsSqFc0AWcoz9Lsj7n9fVSfvU6vLQsDyqrz9B8U
"You uploaded a photo on April 9, 2020 at 4:11 AM (GMT)", -,https://media.licdn.com/dms/image/v2/C4E2CAQEsuB10_k7Xbw/comment-image-shrink_8192_800/comment-image-shrink_8192_800/0/1586405492637?e=1751295600&v=beta&t=vSrfLJ0gJPknUjYcuJ9mp0qZfZMVs8w77eMmNDmdj9E
