savedItem,CreatedTime
https://www.linkedin.com/feed/update/urn:li:activity:7202731109665681408,2024-06-02 17:57:57
https://www.linkedin.com/feed/update/urn:li:activity:7201704692341518337,2024-05-29 22:05:16
https://www.linkedin.com/feed/update/urn:li:activity:7201385333836447745,2024-05-29 03:43:19
https://www.linkedin.com/feed/update/urn:li:activity:7201217285347303424,2024-05-29 03:03:13
https://www.linkedin.com/feed/update/urn:li:activity:7196068703170420736,2024-05-27 14:49:34
https://www.linkedin.com/feed/update/urn:li:activity:7198578437941252096,2024-05-27 14:48:24
https://www.linkedin.com/feed/update/urn:li:activity:7194013257743896577,2024-05-26 13:29:09
https://www.linkedin.com/feed/update/urn:li:activity:7200478041586753536,2024-05-26 13:21:50
https://www.linkedin.com/feed/update/urn:li:activity:7199723807249494016,2024-05-24 11:03:55
https://www.linkedin.com/feed/update/urn:li:activity:7198755889401470976,2024-05-22 14:35:14
https://www.linkedin.com/feed/update/urn:li:activity:7070108066335113216,2024-05-22 10:11:55
https://www.linkedin.com/feed/update/urn:li:activity:7196917336765853698,2024-05-21 15:26:02
https://www.linkedin.com/feed/update/urn:li:activity:7198517875928702976,2024-05-21 09:30:18
https://www.linkedin.com/feed/update/urn:li:activity:7192840567771258880,2024-05-05 13:11:39
https://www.linkedin.com/feed/update/urn:li:activity:7182361526605860864,2024-05-01 17:07:26
https://www.linkedin.com/feed/update/urn:li:activity:7182346311973666817,2024-05-01 17:07:00
https://www.linkedin.com/feed/update/urn:li:activity:7190182996455428096,2024-04-28 03:01:32
https://www.linkedin.com/feed/update/urn:li:activity:7186088919342477313,2024-04-22 02:53:12
https://www.linkedin.com/feed/update/urn:li:activity:7187624588296507392,2024-04-21 02:48:54
https://www.linkedin.com/feed/update/urn:li:activity:7184223774391619585,2024-04-15 18:20:49
https://www.linkedin.com/feed/update/urn:li:activity:7183629770566361088,2024-04-15 00:42:08
https://www.linkedin.com/feed/update/urn:li:activity:7185364810270752768,2024-04-14 23:43:08
https://www.linkedin.com/feed/update/urn:li:activity:7178066853213163522,2024-04-07 05:44:12
https://www.linkedin.com/feed/update/urn:li:activity:7181587997518176256,2024-04-04 13:33:05
https://www.linkedin.com/feed/update/urn:li:activity:7171905627219189760,2024-03-25 12:02:59
https://www.linkedin.com/feed/update/urn:li:activity:7170087491411148800,2024-03-24 06:15:37
https://www.linkedin.com/feed/update/urn:li:activity:7160406968333922307,2024-02-13 01:59:33
https://www.linkedin.com/feed/update/urn:li:activity:7153088025789419520,2024-01-22 04:35:51
https://www.linkedin.com/feed/update/urn:li:activity:7132425479390707712,2023-11-21 22:55:45
https://www.linkedin.com/feed/update/urn:li:activity:7131706971606437889,2023-11-20 22:21:19
https://www.linkedin.com/feed/update/urn:li:activity:7129153243707789312,2023-11-14 01:48:02
https://www.linkedin.com/feed/update/urn:li:activity:7127286003131654144,2023-11-09 06:59:33
https://www.linkedin.com/feed/update/urn:li:activity:7125481626389610498,2023-11-07 12:06:38
https://www.linkedin.com/feed/update/urn:li:activity:7127175729569509376,2023-11-06 10:07:34
https://www.linkedin.com/feed/update/urn:li:activity:7100212896428670976,2023-10-31 11:57:00
https://www.linkedin.com/feed/update/urn:li:activity:7101921637096198145,2023-10-31 11:54:50
https://www.linkedin.com/feed/update/urn:li:activity:7122484369109213184,2023-10-29 20:17:01
https://www.linkedin.com/feed/update/urn:li:activity:7123333778965458945,2023-10-28 20:01:37
https://www.linkedin.com/feed/update/urn:li:activity:7122609870771499009,2023-10-28 11:05:49
https://www.linkedin.com/feed/update/urn:li:activity:7091799554005610496,2023-10-26 22:32:18
https://www.linkedin.com/feed/update/urn:li:activity:7120126846851059712,2023-10-18 03:59:44
https://www.linkedin.com/feed/update/urn:li:activity:7111650488520978432,2023-10-05 14:58:07
https://www.linkedin.com/feed/update/urn:li:activity:7107908937189888002,2023-09-19 01:45:13
https://www.linkedin.com/feed/update/urn:li:activity:7109711459433029632,2023-09-19 01:44:44
https://www.linkedin.com/feed/update/urn:li:activity:7101736604259536896,2023-08-28 01:56:08
https://www.linkedin.com/feed/update/urn:li:activity:7339970210868678656,2025-06-15 13:00:51
https://www.linkedin.com/feed/update/urn:li:activity:7333160241624236033,2025-05-31 13:39:39
https://www.linkedin.com/feed/update/urn:li:activity:7247365891254824960,2025-05-31 00:13:02
https://www.linkedin.com/feed/update/urn:li:activity:7333594683442450433,2025-05-28 20:57:59
https://www.linkedin.com/feed/update/urn:li:activity:7320492504196284436,2025-05-09 03:28:05
https://www.linkedin.com/feed/update/urn:li:activity:7310641020352757761,2025-03-26 12:40:16
https://www.linkedin.com/feed/update/urn:li:article:7936412786864387078,2025-03-17 12:06:53
https://www.linkedin.com/feed/update/urn:li:activity:7297989946202603520,2025-03-11 01:05:44
https://www.linkedin.com/feed/update/urn:li:activity:7299096133753049089,2025-02-22 16:52:00
https://www.linkedin.com/feed/update/urn:li:activity:7297202439487705088,2025-02-17 12:16:09
https://www.linkedin.com/feed/update/urn:li:activity:7291840295539757056,2025-02-02 15:52:28
https://www.linkedin.com/feed/update/urn:li:activity:7287831470570643456,2025-01-23 04:40:34
https://www.linkedin.com/feed/update/urn:li:activity:7279075047271522304,2025-01-18 15:06:43
https://www.linkedin.com/feed/update/urn:li:activity:7279613891486134274,2024-12-31 03:56:48
https://www.linkedin.com/feed/update/urn:li:activity:7260813899501899776,2024-12-30 00:48:29
https://www.linkedin.com/feed/update/urn:li:activity:7278314920046125057,2024-12-29 15:02:29
https://www.linkedin.com/feed/update/urn:li:activity:7278205142611496960,2024-12-27 01:30:07
https://www.linkedin.com/feed/update/urn:li:activity:7204982114587484161,2024-12-26 01:19:34
https://www.linkedin.com/feed/update/urn:li:activity:7276461477916528640,2024-12-22 19:06:39
https://www.linkedin.com/feed/update/urn:li:activity:7276536965754228736,2024-12-22 19:06:25
https://www.linkedin.com/feed/update/urn:li:activity:7274060647288492032,2024-12-21 15:10:07
https://www.linkedin.com/feed/update/urn:li:activity:7275127743447482368,2024-12-18 12:49:46
https://www.linkedin.com/feed/update/urn:li:activity:7274898665280876544,2024-12-18 11:45:34
https://www.linkedin.com/feed/update/urn:li:activity:7274185894012551168,2024-12-16 02:58:03
https://www.linkedin.com/feed/update/urn:li:activity:7271922231222374400,2024-12-09 16:50:55
https://www.linkedin.com/feed/update/urn:li:activity:7267153061398171648,2024-11-26 14:08:49
https://www.linkedin.com/feed/update/urn:li:activity:7266058011188559872,2024-11-23 22:38:58
https://www.linkedin.com/feed/update/urn:li:activity:7264627428235317248,2024-11-23 05:05:14
https://www.linkedin.com/feed/update/urn:li:activity:7262456758013419520,2024-11-14 20:37:35
https://www.linkedin.com/feed/update/urn:li:activity:7261370432602140672,2024-11-10 19:15:13
https://www.linkedin.com/feed/update/urn:li:activity:7261125378356715520,2024-11-10 03:26:35
https://www.linkedin.com/feed/update/urn:li:activity:7261009885297848320,2024-11-09 17:42:28
https://www.linkedin.com/feed/update/urn:li:activity:7261053498790760448,2024-11-09 17:37:42
https://www.linkedin.com/feed/update/urn:li:activity:7260723696225464320,2024-11-09 04:01:57
https://www.linkedin.com/feed/update/urn:li:activity:7260674007627112448,2024-11-09 04:00:45
https://www.linkedin.com/feed/update/urn:li:activity:7260613360176488449,2024-11-09 04:00:33
https://www.linkedin.com/feed/update/urn:li:activity:7259565153283710977,2024-11-09 04:00:23
https://www.linkedin.com/feed/update/urn:li:activity:7258471221468569600,2024-11-09 03:59:48
https://www.linkedin.com/feed/update/urn:li:activity:7259174919282810881,2024-11-09 03:59:10
https://www.linkedin.com/feed/update/urn:li:activity:7258764866025328640,2024-11-04 08:19:41
https://www.linkedin.com/feed/update/urn:li:activity:7258482870522978305,2024-11-02 21:23:06
https://www.linkedin.com/feed/update/urn:li:activity:7257769944774332416,2024-11-02 20:45:54
https://www.linkedin.com/feed/update/urn:li:activity:7257662628703940608,2024-10-31 12:27:53
https://www.linkedin.com/feed/update/urn:li:activity:7256471672352907264,2024-10-28 01:49:41
https://www.linkedin.com/feed/update/urn:li:activity:7255403131503587329,2024-10-25 12:17:41
https://www.linkedin.com/feed/update/urn:li:activity:7252282771346231297,2024-10-16 13:59:23
https://www.linkedin.com/feed/update/urn:li:activity:7246856379863375872,2024-10-15 09:20:37
https://www.linkedin.com/feed/update/urn:li:activity:7250899627439271936,2024-10-12 16:12:43
https://www.linkedin.com/feed/update/urn:li:activity:7249395617976741890,2024-10-08 13:52:24
https://www.linkedin.com/feed/update/urn:li:activity:7247330755851288576,2024-10-02 20:57:36
https://www.linkedin.com/feed/update/urn:li:activity:7246513184608595970,2024-09-30 13:38:31
https://www.linkedin.com/feed/update/urn:li:activity:7245058287736356864,2024-09-26 21:13:25
https://www.linkedin.com/feed/update/urn:li:activity:7244695904622907392,2024-09-25 13:42:07
https://www.linkedin.com/feed/update/urn:li:activity:7242650619008753664,2024-09-19 22:08:15
https://www.linkedin.com/feed/update/urn:li:activity:7238199883654930432,2024-09-07 16:27:18
https://www.linkedin.com/feed/update/urn:li:activity:7235323908474707968,2024-08-31 14:13:11
https://www.linkedin.com/feed/update/urn:li:activity:7234163691825303553,2024-08-27 11:54:13
https://www.linkedin.com/feed/update/urn:li:activity:7233809094808068097,2024-08-26 21:24:05
https://www.linkedin.com/feed/update/urn:li:activity:7232355692953714690,2024-08-22 12:38:16
https://www.linkedin.com/feed/update/urn:li:activity:7232355615522635776,2024-08-22 12:37:15
https://www.linkedin.com/feed/update/urn:li:activity:7209558179402170368,2024-08-15 10:23:53
https://www.linkedin.com/feed/update/urn:li:activity:7226923263652691968,2024-08-08 02:57:47
https://www.linkedin.com/feed/update/urn:li:activity:7191784340995936258,2024-08-07 14:00:11
https://www.linkedin.com/feed/update/urn:li:activity:7158508992086843394,2024-08-01 18:41:13
https://www.linkedin.com/feed/update/urn:li:activity:7222956896452833280,2024-07-29 17:22:58
https://www.linkedin.com/feed/update/urn:li:activity:7222565416693309440,2024-07-26 20:01:32
https://www.linkedin.com/feed/update/urn:li:activity:7218677926819418112,2024-07-15 23:06:58
https://www.linkedin.com/feed/update/urn:li:activity:7216491241184641024,2024-07-15 12:09:28
https://www.linkedin.com/feed/update/urn:li:activity:7218084335298453504,2024-07-14 03:14:08
https://www.linkedin.com/feed/update/urn:li:activity:7214943234060382208,2024-07-06 20:41:56
https://www.linkedin.com/feed/update/urn:li:activity:7213809887804284928,2024-07-06 20:30:47
https://www.linkedin.com/feed/update/urn:li:activity:7215307605643014144,2024-07-06 18:42:36
https://www.linkedin.com/feed/update/urn:li:activity:7215151746275278848,2024-07-06 03:11:14
https://www.linkedin.com/feed/update/urn:li:activity:7214798695358226432,2024-07-05 04:10:07
https://www.linkedin.com/feed/update/urn:li:activity:7214817792426979328,2024-07-05 04:07:42
https://www.linkedin.com/feed/update/urn:li:activity:7210709079906758656,2024-07-04 11:43:14
https://www.linkedin.com/feed/update/urn:li:activity:7214350254131814400,2024-07-03 21:28:38
https://www.linkedin.com/feed/update/urn:li:activity:7212092373407838208,2024-07-03 21:28:31
https://www.linkedin.com/feed/update/urn:li:activity:7213363869170176001,2024-07-01 02:12:55
https://www.linkedin.com/feed/update/urn:li:activity:7202492864121950208,2024-07-01 02:07:14
https://www.linkedin.com/feed/update/urn:li:activity:7213191181369769984,2024-07-01 00:03:11
https://www.linkedin.com/feed/update/urn:li:activity:7203608023158681600,2024-06-30 13:32:58
https://www.linkedin.com/feed/update/urn:li:activity:7209798162687873026,2024-06-26 01:58:32
https://www.linkedin.com/feed/update/urn:li:activity:7209284762505494528,2024-06-23 22:57:58
https://www.linkedin.com/feed/update/urn:li:activity:7210257791612014592,2024-06-23 11:45:35
https://www.linkedin.com/feed/update/urn:li:activity:7209858495247011840,2024-06-22 09:41:36
https://www.linkedin.com/feed/update/urn:li:activity:7207453450521968640,2024-06-22 09:06:33
https://www.linkedin.com/feed/update/urn:li:activity:7205965655890628608,2024-06-11 15:44:40
https://www.linkedin.com/feed/update/urn:li:activity:7181674295448756225,2024-06-10 01:28:58
https://www.linkedin.com/feed/update/urn:li:activity:7205130572598255617,2024-06-08 09:01:48
https://www.linkedin.com/feed/update/urn:li:activity:7082044371881103360,2023-08-15 02:23:46
https://www.linkedin.com/feed/update/urn:li:activity:7089604988582117376,2023-08-05 06:13:07
https://www.linkedin.com/feed/update/urn:li:activity:7092497877175783425,2023-08-02 22:13:31
https://www.linkedin.com/feed/update/urn:li:activity:7092457103902076928,2023-08-02 17:21:30
https://www.linkedin.com/feed/update/urn:li:activity:7076014532019527680,2023-06-18 12:48:59
https://www.linkedin.com/feed/update/urn:li:activity:7071540459000508416,2023-06-06 12:27:25
https://www.linkedin.com/feed/update/urn:li:activity:7070105917924519937,2023-06-02 06:05:27
https://www.linkedin.com/feed/update/urn:li:activity:7064648614316232704,2023-05-20 19:16:18
https://www.linkedin.com/feed/update/urn:li:activity:7041754443381436416,2023-03-20 12:29:55
https://www.linkedin.com/feed/update/urn:li:activity:7034155184461135872,2023-03-20 12:29:05
https://www.linkedin.com/feed/update/urn:li:activity:6987880482680053761,2022-10-17 23:53:24
https://www.linkedin.com/feed/update/urn:li:activity:6973506982808821760,2022-09-09 19:24:30
https://www.linkedin.com/feed/update/urn:li:activity:6959958876486078464,2022-08-21 04:13:13
https://www.linkedin.com/feed/update/urn:li:activity:6919870223663734784,2022-08-15 03:31:35
https://www.linkedin.com/feed/update/urn:li:activity:6960752521325805569,2022-08-12 01:34:07
https://www.linkedin.com/feed/update/urn:li:activity:6963114204287352832,2022-08-11 12:21:28
https://www.linkedin.com/feed/update/urn:li:activity:6962530170649948160,2022-08-10 18:56:34
https://www.linkedin.com/feed/update/urn:li:activity:6960755444285849600,2022-08-04 01:22:33
https://www.linkedin.com/feed/update/urn:li:activity:6956380656968892417,2022-07-25 20:03:56
https://www.linkedin.com/feed/update/urn:li:activity:6952736571372580864,2022-07-19 15:25:18
https://www.linkedin.com/feed/update/urn:li:activity:6954892951596535809,2022-07-19 15:24:56
https://www.linkedin.com/feed/update/urn:li:activity:6929780561355923457,2022-07-19 14:11:06
https://www.linkedin.com/feed/update/urn:li:activity:6930316000278061056,2022-07-19 14:11:00
https://www.linkedin.com/feed/update/urn:li:activity:6932367709540134912,2022-07-19 14:10:34
https://www.linkedin.com/feed/update/urn:li:activity:6941785453830291456,2022-07-19 14:10:23
https://www.linkedin.com/feed/update/urn:li:activity:6940538827140710400,2022-07-19 14:10:09
https://www.linkedin.com/feed/update/urn:li:activity:6953813767977672704,2022-07-19 14:09:37
https://www.linkedin.com/feed/update/urn:li:activity:6954919524156530688,2022-07-19 14:09:22
https://www.linkedin.com/feed/update/urn:li:activity:6954915662045605888,2022-07-19 11:33:22
https://www.linkedin.com/feed/update/urn:li:activity:6945410438826180608,2022-07-19 11:33:02
https://www.linkedin.com/feed/update/urn:li:activity:6947905738228830208,2022-06-29 14:50:43
https://www.linkedin.com/feed/update/urn:li:activity:6945067075463720960,2022-06-27 05:00:11
https://www.linkedin.com/feed/update/urn:li:activity:6943610570696773632,2022-06-17 17:45:33
https://www.linkedin.com/feed/update/urn:li:activity:6939961826386333696,2022-06-09 12:43:59
https://www.linkedin.com/feed/update/urn:li:activity:6940252607026212864,2022-06-08 18:52:21
https://www.linkedin.com/feed/update/urn:li:activity:6939978538888441856,2022-06-07 23:12:58
https://www.linkedin.com/feed/update/urn:li:activity:6930140924920442880,2022-05-11 22:11:51
https://www.linkedin.com/feed/update/urn:li:activity:6920758564189831168,2022-04-17 22:24:05
https://www.linkedin.com/feed/update/urn:li:activity:6920511473496580096,2022-04-17 14:45:44
https://www.linkedin.com/feed/update/urn:li:activity:6917485192454569984,2022-04-06 19:30:03
https://www.linkedin.com/feed/update/urn:li:activity:6892863885775634432,2022-01-28 23:53:10
https://www.linkedin.com/feed/update/urn:li:activity:6865897641327382528,2021-12-18 14:44:46
