Date,Link,OptionText
2025-06-19 21:53:58,https://www.linkedin.com/feed/update/urn:li:ugcPost:7341571879020691456,Indigenous Updog
2025-06-08 14:19:36,https://www.linkedin.com/feed/update/urn:li:ugcPost:7337398221209542656,Innovation-driven savings
2025-05-11 20:58:14,https://www.linkedin.com/feed/update/urn:li:ugcPost:7326602851772739585,📲 Attendee Hub walkthrough
2025-03-13 22:41:39,https://www.linkedin.com/feed/update/urn:li:ugcPost:7305919783173033984,"Impossible, market is flooded."
2024-07-27 23:52:40,https://www.linkedin.com/feed/update/urn:li:ugcPost:7222373774157918208,Yes. Finally.
2024-07-27 14:37:51,https://www.linkedin.com/feed/update/urn:li:ugcPost:7222970279138865153,"Markdown (Obsidian, Notion)"
2024-07-08 18:56:35,https://www.linkedin.com/feed/update/urn:li:ugcPost:7216152349520642048,AI/Machine learning knowledge
2024-05-11 20:28:05,https://www.linkedin.com/feed/update/urn:li:ugcPost:7195149351575265282,Optimizing Workflows
2024-03-05 01:10:55,https://www.linkedin.com/feed/update/urn:li:ugcPost:7170581983901667328,YES 🤠
2023-08-13 02:03:30,https://www.linkedin.com/feed/update/urn:li:ugcPost:7095675955095961600,✅ Yes
2023-07-24 07:54:55,https://www.linkedin.com/feed/update/urn:li:ugcPost:7088136433135206400,Yes
2023-06-05 17:47:53,https://www.linkedin.com/feed/update/urn:li:ugcPost:7071541904185688065,In the next 1-2 years
2023-03-20 12:25:08,https://www.linkedin.com/feed/update/urn:li:ugcPost:7042456127720091648,Slack
2023-01-10 00:21:31,https://www.linkedin.com/feed/update/urn:li:ugcPost:7018306934365716480,July
2022-12-29 22:47:30,https://www.linkedin.com/feed/update/urn:li:ugcPost:7014344542740955136,Great time to close business
2022-12-08 01:20:13,https://www.linkedin.com/feed/update/urn:li:ugcPost:7006290128587362305,reminds you to contact people
2022-11-23 15:44:26,https://www.linkedin.com/feed/update/urn:li:ugcPost:7001204069209886720,Generated images with #AI
2022-11-07 15:10:16,https://www.linkedin.com/feed/update/urn:li:ugcPost:6995381516675481600,I write in my notebook -paper.
2021-12-23 22:33:03,https://www.linkedin.com/feed/update/urn:li:ugcPost:6879899907088502784,Die Hard
2021-12-19 15:45:49,https://www.linkedin.com/feed/update/urn:li:ugcPost:6878339237553442816,Hiking
2021-12-10 02:12:08,https://www.linkedin.com/feed/update/urn:li:ugcPost:6874870644622823424,Unix
2021-12-08 15:17:19,https://www.linkedin.com/feed/update/urn:li:ugcPost:6874248898332946432,Remote
2021-12-07 17:03:37,https://www.linkedin.com/feed/update/urn:li:ugcPost:6873972159509856257,Innovation strategy
2021-12-03 14:46:47,https://www.linkedin.com/feed/update/urn:li:ugcPost:6872415906954383360,Heck no!
2021-12-01 22:55:57,https://www.linkedin.com/feed/update/urn:li:ugcPost:6871896942453100544,Top Commenters! 💬
2021-12-01 04:31:42,https://www.linkedin.com/feed/update/urn:li:ugcPost:6871652479306743808,Intersectionality
2021-11-27 02:48:36,https://www.linkedin.com/feed/update/urn:li:ugcPost:6870109167445712897,Yes
2021-11-27 02:42:44,https://www.linkedin.com/feed/update/urn:li:ugcPost:6870111710477373440,Years of experience
2021-11-26 05:12:36,https://www.linkedin.com/feed/update/urn:li:ugcPost:6869864456944525312,Promoting within the firm
2021-11-22 18:02:05,https://www.linkedin.com/feed/update/urn:li:ugcPost:6868602273128427520,The Time Series (how recent?)
2021-11-22 04:16:39,https://www.linkedin.com/feed/update/urn:li:ugcPost:6867487347567669248,Hot Chocolate
2021-11-08 17:26:33,https://www.linkedin.com/feed/update/urn:li:ugcPost:6863504750185476096,System records/storage 💾
2021-11-01 17:41:52,https://www.linkedin.com/feed/update/urn:li:ugcPost:6860990875804291073,Identify key thing to improve
2021-09-30 21:46:13,https://www.linkedin.com/feed/update/urn:li:ugcPost:6848948349236854784,YES
2021-09-14 16:56:31,https://www.linkedin.com/feed/update/urn:li:ugcPost:6843583492966760449,Not gonna upgrade
2021-09-08 17:01:53,https://www.linkedin.com/feed/update/urn:li:ugcPost:6841406913389973504,Two or more people I trust
2021-08-23 23:38:26,https://www.linkedin.com/feed/update/urn:li:ugcPost:6835704159187169280,All Code (SQL and terminal)
2020-06-17 04:12:17,https://www.linkedin.com/feed/update/urn:li:ugcPost:6678701833877250048,Yes
